#TimeStep,Date,DaysInPeriod,ZeroOrderDIM,AverageDIM,AverageFLOW,SimpleDIM,NettingSet,Time
0,2016-02-19,14,92293.670836,92430.212617,0.000000,78874.341803,CPTY_A,0.038251
1,2016-03-04,14,93104.062550,93159.264258,0.000000,108023.787677,CPTY_A,0.076503
2,2016-03-18,14,87931.481995,88059.489963,0.000000,97848.146164,CPTY_A,0.114754
3,2016-04-01,14,103381.707226,103442.651384,0.000000,118001.526385,CPTY_A,0.153005
4,2016-04-15,14,79897.976069,80183.838936,0.000000,79310.128099,CPTY_A,0.191257
5,2016-04-29,14,87983.578202,87991.995380,0.000000,107246.907955,CPTY_A,0.229508
6,2016-05-13,14,83026.464315,83082.537437,0.000000,73212.776503,CPTY_A,0.267760
7,2016-05-27,14,94854.553498,94859.108674,0.000000,92469.091565,CPTY_A,0.306011
8,2016-06-10,14,106335.041941,106672.977534,0.000000,158905.212462,CPTY_A,0.344262
9,2016-06-24,14,88702.923047,88814.964420,0.000000,92527.084548,CPTY_A,0.382514
10,2016-07-08,14,102917.125147,103002.089899,0.000000,129101.889173,CPTY_A,0.420765
11,2016-07-22,14,79348.491736,79364.848052,0.000000,67999.791437,CPTY_A,0.459016
12,2016-08-05,14,88240.768563,88429.772884,0.000000,78698.837628,CPTY_A,0.497268
13,2016-08-19,14,94919.783144,95019.923605,0.000000,123464.221630,CPTY_A,0.535519
14,2016-09-02,14,87094.174526,87471.422269,0.000000,97357.480928,CPTY_A,0.573770
15,2016-09-16,14,82512.719193,82728.113453,0.000000,86159.765661,CPTY_A,0.612022
16,2016-09-30,14,87661.076333,87667.805197,0.000000,80628.911327,CPTY_A,0.650273
17,2016-10-14,14,96825.778244,97509.291974,0.000000,102748.424500,CPTY_A,0.688525
18,2016-10-28,17,90424.400323,90851.115500,0.000000,63980.066803,CPTY_A,0.726776
19,2016-11-14,11,83583.972264,83587.408581,0.000000,114016.139950,CPTY_A,0.773224
20,2016-11-25,14,100920.906445,101052.663900,0.000000,137819.839082,CPTY_A,0.803279
21,2016-12-09,14,86940.285549,86942.809924,0.000000,90091.668899,CPTY_A,0.841530
22,2016-12-23,14,103944.550379,103948.420791,0.000000,138573.807970,CPTY_A,0.879781
23,2017-01-06,14,102935.810181,103352.007913,0.000000,156207.600280,CPTY_A,0.918070
24,2017-01-20,14,85507.136219,85540.436657,0.000000,77344.798434,CPTY_A,0.956426
25,2017-02-03,14,105536.438450,106079.460927,0.000000,118291.107592,CPTY_A,0.994783
26,2017-02-17,14,84874.510195,85188.654048,0.000000,79604.638153,CPTY_A,1.033139
27,2017-03-03,14,99450.751607,99505.767337,0.000000,98301.624736,CPTY_A,1.071495
28,2017-03-17,14,96778.221889,96848.265258,0.000000,129464.574002,CPTY_A,1.109851
29,2017-03-31,18,100850.320461,100860.870995,0.000000,91831.372628,CPTY_A,1.148207
30,2017-04-18,10,89511.329468,89513.464320,0.000000,105732.134229,CPTY_A,1.197522
31,2017-04-28,14,88529.293128,88540.095390,0.000000,103263.358883,CPTY_A,1.224920
32,2017-05-12,14,88599.220936,90278.869384,0.000000,87073.833572,CPTY_A,1.263276
33,2017-05-26,14,90106.896698,91005.331417,0.000000,76594.023065,CPTY_A,1.301632
34,2017-06-09,14,95388.316391,95401.405344,0.000000,98026.357615,CPTY_A,1.339988
35,2017-06-23,14,97695.314721,98000.442573,0.000000,118610.348324,CPTY_A,1.378344
36,2017-07-07,14,89088.782564,89092.970281,0.000000,88969.492535,CPTY_A,1.416700
37,2017-07-21,14,94330.742381,94409.215339,0.000000,101306.055094,CPTY_A,1.455057
38,2017-08-04,14,123011.449189,123691.380313,0.000000,146278.655539,CPTY_A,1.493413
39,2017-08-18,14,99170.853423,99172.386676,0.000000,112677.002975,CPTY_A,1.531769
40,2017-09-01,14,111746.672843,111746.875122,0.000000,106319.706009,CPTY_A,1.570125
41,2017-09-15,14,102912.062910,102943.395003,0.000000,94727.280805,CPTY_A,1.608481
42,2017-09-29,14,80409.159697,80422.262478,0.000000,75931.182742,CPTY_A,1.646837
43,2017-10-13,14,96591.120374,96603.256898,0.000000,142114.743492,CPTY_A,1.685194
44,2017-10-27,17,97603.998778,98090.238312,0.000000,78050.737087,CPTY_A,1.723550
45,2017-11-13,11,98146.481416,98616.027754,0.000000,94285.606763,CPTY_A,1.770125
46,2017-11-24,14,99830.068514,100690.522368,0.000000,112044.931715,CPTY_A,1.800262
47,2017-12-08,14,98164.523682,98269.133137,0.000000,137236.892155,CPTY_A,1.838618
48,2017-12-22,14,108119.470036,108197.244536,0.000000,155603.049028,CPTY_A,1.876974
49,2018-01-05,14,106202.565700,107015.287419,0.000000,84783.242483,CPTY_A,1.915330
50,2018-01-19,14,117270.475182,117387.674301,0.000000,145756.388468,CPTY_A,1.953687
51,2018-02-02,14,108097.296202,108206.171858,0.000000,173497.828300,CPTY_A,1.992043
52,2018-02-16,14,95975.778442,96284.301552,0.000000,145916.380049,CPTY_A,2.030399
53,2018-03-02,14,140191.635072,140265.724333,0.000000,209214.908155,CPTY_A,2.068755
54,2018-03-16,18,90754.152787,90885.471672,0.000000,119307.144006,CPTY_A,2.107111
55,2018-04-03,10,95068.367958,95600.511023,0.000000,107233.531993,CPTY_A,2.156426
56,2018-04-13,14,106172.393963,106427.061277,0.000000,131775.417078,CPTY_A,2.183824
57,2018-04-27,14,80771.797166,81329.966870,0.000000,58819.211704,CPTY_A,2.222180
58,2018-05-11,14,87127.673044,87629.109538,0.000000,96459.893122,CPTY_A,2.260536
59,2018-05-25,14,85904.189157,85939.517313,0.000000,102430.985819,CPTY_A,2.298892
60,2018-06-08,14,101462.982206,101735.275092,0.000000,90187.495721,CPTY_A,2.337248
61,2018-06-22,14,93234.723179,93486.986076,0.000000,110835.780475,CPTY_A,2.375604
62,2018-07-06,14,89245.176055,89403.405224,0.000000,89379.457116,CPTY_A,2.413961
63,2018-07-20,14,114109.814051,114234.951788,0.000000,145356.197557,CPTY_A,2.452317
64,2018-08-03,14,98322.617988,98324.075043,0.000000,95644.759733,CPTY_A,2.490673
65,2018-08-17,14,80723.163475,80841.484698,0.000000,87448.850305,CPTY_A,2.529029
66,2018-08-31,14,122155.509564,122173.524297,0.000000,220405.022039,CPTY_A,2.567385
67,2018-09-14,14,82386.245201,82547.471342,0.000000,75871.105312,CPTY_A,2.605741
68,2018-09-28,14,101132.587984,101290.797295,0.000000,114626.458495,CPTY_A,2.644098
69,2018-10-12,14,118574.797426,118908.130084,0.000000,225670.177249,CPTY_A,2.682454
70,2018-10-26,14,101736.654395,101932.342147,0.000000,152113.627160,CPTY_A,2.720810
71,2018-11-09,14,91685.303591,92160.449131,0.000000,109703.382827,CPTY_A,2.759166
72,2018-11-23,14,99190.929799,99394.602792,0.000000,141430.257454,CPTY_A,2.797522
73,2018-12-07,14,91019.376356,91923.930766,0.000000,115286.422479,CPTY_A,2.835878
74,2018-12-21,14,108109.396629,108356.491343,0.000000,113253.227569,CPTY_A,2.874235
75,2019-01-04,14,90874.582934,92178.146358,0.000000,87328.888095,CPTY_A,2.912591
76,2019-01-18,14,91211.917981,91329.295955,0.000000,102093.919119,CPTY_A,2.950947
77,2019-02-01,14,102607.455215,102974.545966,0.000000,149900.317299,CPTY_A,2.989303
78,2019-02-15,14,131775.282334,131952.250257,0.000000,256726.552680,CPTY_A,3.027659
79,2019-03-01,14,94214.191256,94377.711645,0.000000,118221.942867,CPTY_A,3.066015
80,2019-03-15,14,112001.727146,112144.980722,0.000000,143349.912815,CPTY_A,3.104372
81,2019-03-29,14,109763.991383,110711.766862,0.000000,227504.566022,CPTY_A,3.142728
82,2019-04-12,14,127720.167123,127959.849145,0.000000,168345.595917,CPTY_A,3.181084
83,2019-04-26,14,121806.282361,121957.730401,0.000000,215544.739084,CPTY_A,3.219440
84,2019-05-10,14,90638.026168,91498.355837,0.000000,84700.981520,CPTY_A,3.257796
85,2019-05-24,14,129493.194673,130001.444199,0.000000,117988.704695,CPTY_A,3.296152
86,2019-06-07,14,121961.622758,122376.706913,0.000000,96298.475470,CPTY_A,3.334509
87,2019-06-21,14,104186.994653,104389.666246,0.000000,93805.562052,CPTY_A,3.372865
88,2019-07-05,14,137762.653077,138329.442096,0.000000,192584.418291,CPTY_A,3.411221
89,2019-07-19,14,118414.314496,118449.991340,0.000000,131277.858295,CPTY_A,3.449577
90,2019-08-02,14,102800.351532,103079.735118,0.000000,116557.044390,CPTY_A,3.487933
91,2019-08-16,14,131783.824253,132167.798854,0.000000,288298.484304,CPTY_A,3.526289
92,2019-08-30,14,119030.781042,119038.445840,0.000000,134465.380366,CPTY_A,3.564646
93,2019-09-13,14,115267.662451,115288.713672,0.000000,150241.435831,CPTY_A,3.603002
94,2019-09-27,14,102561.982054,102626.546482,0.000000,124635.483309,CPTY_A,3.641358
95,2019-10-11,14,121719.657150,125689.976050,0.000000,185763.054207,CPTY_A,3.679714
96,2019-10-25,14,96428.402342,96650.277942,0.000000,110383.332249,CPTY_A,3.718070
97,2019-11-08,14,115543.250720,115697.671698,0.000000,188224.398461,CPTY_A,3.756426
98,2019-11-22,14,122801.382667,123504.997447,0.000000,109953.941176,CPTY_A,3.794783
99,2019-12-06,14,94167.176456,94296.578386,0.000000,101303.696020,CPTY_A,3.833139
100,2019-12-20,14,105934.433100,105962.334349,0.000000,125983.204074,CPTY_A,3.871495
101,2020-01-03,14,127767.842172,128022.721428,0.000000,146344.493813,CPTY_A,3.909836
102,2020-01-17,14,127814.641075,128017.453085,0.000000,166506.675092,CPTY_A,3.948087
103,2020-01-31,14,115194.346563,115573.745064,0.000000,189218.403580,CPTY_A,3.986339
104,2020-02-14,14,124625.618998,125514.143199,0.000000,172843.589540,CPTY_A,4.024590
105,2020-02-28,14,112835.513998,112887.563744,0.000000,151280.430434,CPTY_A,4.062842
106,2020-03-13,14,138021.867015,138196.640992,0.000000,168289.389378,CPTY_A,4.101093
107,2020-03-27,18,122572.369282,122943.204047,0.000000,126074.041982,CPTY_A,4.139344
108,2020-04-14,10,129426.142659,130179.945467,0.000000,143593.851314,CPTY_A,4.188525
109,2020-04-24,17,124486.810948,124957.615480,0.000000,102457.541670,CPTY_A,4.215847
110,2020-05-11,11,129168.202638,129349.342404,0.000000,172132.094777,CPTY_A,4.262295
111,2020-05-22,14,104158.115418,104487.411808,0.000000,143097.473768,CPTY_A,4.292350
112,2020-06-05,14,123451.100609,123562.938390,0.000000,179159.923612,CPTY_A,4.330601
113,2020-06-19,17,99030.588622,99305.717974,0.000000,135394.458929,CPTY_A,4.368852
114,2020-07-06,11,131082.217210,131886.407788,0.000000,124269.669468,CPTY_A,4.415301
115,2020-07-17,14,121973.342099,121978.374441,0.000000,166864.055660,CPTY_A,4.445355
116,2020-07-31,14,89589.978491,89749.992362,0.000000,96842.327612,CPTY_A,4.483607
117,2020-08-14,14,98552.766369,98601.485963,0.000000,117664.808213,CPTY_A,4.521858
118,2020-08-28,14,95133.856860,95178.304134,0.000000,84274.187866,CPTY_A,4.560109
119,2020-09-11,14,133261.722702,133613.207668,0.000000,259082.077741,CPTY_A,4.598361
120,2020-09-25,14,121080.577081,121191.343268,0.000000,186252.022734,CPTY_A,4.636612
121,2020-10-09,14,109487.789323,109512.083400,0.000000,203709.969314,CPTY_A,4.674863
122,2020-10-23,14,95799.596643,96816.392074,0.000000,130249.217998,CPTY_A,4.713115
123,2020-11-06,14,124005.386394,124308.752642,0.000000,175569.964647,CPTY_A,4.751366
124,2020-11-20,14,95654.129812,96055.269253,0.000000,115372.769174,CPTY_A,4.789617
125,2020-12-04,14,131772.857316,133118.881487,0.000000,167381.446094,CPTY_A,4.827869
126,2020-12-18,17,99708.199611,100419.136576,0.000000,124780.601028,CPTY_A,4.866120
127,2021-01-04,11,116955.011733,118765.187150,0.000000,128644.564037,CPTY_A,4.912591
128,2021-01-15,14,114178.532948,114831.695212,0.000000,119563.727750,CPTY_A,4.942728
129,2021-01-29,14,111890.871741,112209.567187,0.000000,126009.891681,CPTY_A,4.981084
130,2021-02-12,14,130720.380639,131077.875645,0.000000,156566.062795,CPTY_A,5.019440
131,2021-02-26,14,97389.415890,97785.080065,0.000000,115279.102986,CPTY_A,5.057796
132,2021-03-12,14,122892.177369,124982.350467,0.000000,111056.418660,CPTY_A,5.096152
133,2021-03-26,14,103439.449450,103928.457463,0.000000,108528.051589,CPTY_A,5.134509
134,2021-04-09,14,88299.300527,88805.620621,0.000000,105304.676966,CPTY_A,5.172865
135,2021-04-23,14,149362.752165,150082.706709,0.000000,231954.105347,CPTY_A,5.211221
136,2021-05-07,14,136067.266610,137495.484526,0.000000,149152.139013,CPTY_A,5.249577
137,2021-05-21,14,110401.818373,110402.538232,0.000000,119406.128692,CPTY_A,5.287933
138,2021-06-04,14,88431.686147,88435.398861,0.000000,94425.770129,CPTY_A,5.326289
139,2021-06-18,14,108829.353779,108893.369638,0.000000,127417.439707,CPTY_A,5.364646
140,2021-07-02,14,105195.102290,105217.844191,0.000000,107059.566879,CPTY_A,5.403002
141,2021-07-16,14,113408.170971,115116.406827,0.000000,186501.403829,CPTY_A,5.441358
142,2021-07-30,14,153499.507902,154872.145382,0.000000,226717.560696,CPTY_A,5.479714
143,2021-08-13,14,127769.715921,129199.492634,0.000000,89385.679135,CPTY_A,5.518070
144,2021-08-27,14,82481.770524,84619.646528,0.000000,63182.606077,CPTY_A,5.556426
145,2021-09-10,14,96322.963290,97532.682413,0.000000,96467.766785,CPTY_A,5.594783
146,2021-09-24,14,96980.498060,97794.287368,0.000000,126311.080407,CPTY_A,5.633139
147,2021-10-08,14,148614.437306,148988.883494,0.000000,139603.832771,CPTY_A,5.671495
148,2021-10-22,14,111060.619598,111583.549445,0.000000,133010.003855,CPTY_A,5.709851
149,2021-11-05,14,120314.423639,120983.813636,0.000000,111416.026682,CPTY_A,5.748207
150,2021-11-19,14,123727.137029,123902.803809,0.000000,226948.549927,CPTY_A,5.786563
151,2021-12-03,14,102077.639542,102626.109963,0.000000,146532.941872,CPTY_A,5.824920
152,2021-12-17,18,104343.557499,106138.195587,0.000000,112806.241017,CPTY_A,5.863276
153,2022-01-04,10,95545.246615,95610.806330,0.000000,119991.109735,CPTY_A,5.912591
154,2022-01-14,14,110183.533111,110733.021630,0.000000,70434.023266,CPTY_A,5.939988
155,2022-01-28,14,118243.491002,118548.009479,0.000000,151058.612364,CPTY_A,5.978344
156,2022-02-11,14,101351.106051,101358.411512,0.000000,130371.715508,CPTY_A,6.016700
157,2022-02-25,14,113939.171930,114016.639753,0.000000,121323.435777,CPTY_A,6.055057
158,2022-03-11,14,99027.143028,99031.020525,0.000000,180260.203621,CPTY_A,6.093413
159,2022-03-25,14,122411.828284,124860.288192,0.000000,200310.845970,CPTY_A,6.131769
160,2022-04-08,14,104209.403848,107414.870484,0.000000,116661.440309,CPTY_A,6.170125
161,2022-04-22,14,138764.220490,140052.394645,0.000000,203991.517116,CPTY_A,6.208481
162,2022-05-06,14,108944.419218,109593.188315,0.000000,129572.742307,CPTY_A,6.246837
163,2022-05-20,18,84982.562523,85200.129377,0.000000,73170.407274,CPTY_A,6.285194
164,2022-06-07,10,118824.546377,118990.661473,0.000000,254867.869049,CPTY_A,6.334509
165,2022-06-17,14,127479.915733,127523.833130,0.000000,161272.891911,CPTY_A,6.361906
166,2022-07-01,14,113839.227874,116448.504962,0.000000,146588.927216,CPTY_A,6.400262
167,2022-07-15,14,105187.999944,105629.199886,0.000000,130840.663120,CPTY_A,6.438618
168,2022-07-29,14,77183.759890,78461.379559,0.000000,99835.733541,CPTY_A,6.476974
169,2022-08-12,14,102449.733597,102891.492990,0.000000,176314.420856,CPTY_A,6.515330
170,2022-08-26,14,110380.207457,111678.695469,0.000000,139743.243530,CPTY_A,6.553687
171,2022-09-09,14,89363.903438,89461.403815,0.000000,119739.814559,CPTY_A,6.592043
172,2022-09-23,14,86705.863405,87028.300057,0.000000,127703.680598,CPTY_A,6.630399
173,2022-10-07,14,149527.934085,149928.143278,0.000000,194219.478265,CPTY_A,6.668755
174,2022-10-21,14,108069.837705,108255.819204,0.000000,148493.491261,CPTY_A,6.707111
175,2022-11-04,14,109998.938516,110028.299024,0.000000,105021.652545,CPTY_A,6.745467
176,2022-11-18,14,113144.388567,113162.628408,0.000000,170539.068522,CPTY_A,6.783824
177,2022-12-02,14,117381.652624,117454.133326,0.000000,158632.536818,CPTY_A,6.822180
178,2022-12-16,14,114998.119861,114998.630982,0.000000,129836.647768,CPTY_A,6.860536
179,2022-12-30,14,98357.968554,98845.110380,0.000000,186114.640053,CPTY_A,6.898892
180,2023-01-13,14,108627.732514,109558.608514,0.000000,115210.813042,CPTY_A,6.937248
181,2023-01-27,14,109851.027660,110465.907568,0.000000,126684.841397,CPTY_A,6.975604
182,2023-02-10,14,118574.258938,118780.774327,0.000000,241760.862746,CPTY_A,7.013961
183,2023-02-24,14,109230.191729,109515.671775,0.000000,131424.658940,CPTY_A,7.052317
184,2023-03-10,14,115038.940549,117640.959504,0.000000,222075.449342,CPTY_A,7.090673
185,2023-03-24,18,109407.789143,109433.474098,0.000000,119656.932232,CPTY_A,7.129029
186,2023-04-11,10,115557.357483,115824.454610,0.000000,105481.286441,CPTY_A,7.178344
187,2023-04-21,14,97799.034690,98096.152094,0.000000,92718.556840,CPTY_A,7.205741
188,2023-05-05,14,106405.443099,106490.805474,0.000000,107799.271384,CPTY_A,7.244098
189,2023-05-19,14,119975.153152,120225.445716,0.000000,199004.572025,CPTY_A,7.282454
190,2023-06-02,14,142521.523944,142672.313436,0.000000,262402.848185,CPTY_A,7.320810
191,2023-06-16,14,111578.560431,111727.330668,0.000000,121394.312962,CPTY_A,7.359166
192,2023-06-30,14,105227.799664,105427.255695,0.000000,142441.238204,CPTY_A,7.397522
193,2023-07-14,14,117228.540558,117378.465154,0.000000,88115.551759,CPTY_A,7.435878
194,2023-07-28,14,110888.193426,111296.455422,0.000000,122437.626427,CPTY_A,7.474235
195,2023-08-11,14,108470.960173,108500.797924,0.000000,141836.514595,CPTY_A,7.512591
196,2023-08-25,14,131886.818534,131966.970018,0.000000,151317.812212,CPTY_A,7.550947
197,2023-09-08,14,112784.513303,113350.921259,0.000000,132996.799824,CPTY_A,7.589303
198,2023-09-22,14,117587.840982,121842.913895,0.000000,177594.671046,CPTY_A,7.627659
199,2023-10-06,14,99891.903459,100450.318923,0.000000,75163.643523,CPTY_A,7.666015
200,2023-10-20,14,133168.596583,133169.058965,0.000000,167913.999399,CPTY_A,7.704372
201,2023-11-03,14,153053.186271,153207.225264,0.000000,216194.067909,CPTY_A,7.742728
202,2023-11-17,14,107715.570455,108151.905285,0.000000,173998.344369,CPTY_A,7.781084
203,2023-12-01,14,96821.625749,97899.957240,0.000000,142477.507307,CPTY_A,7.819440
204,2023-12-15,14,138335.363773,138468.836395,0.000000,117843.010405,CPTY_A,7.857796
205,2023-12-29,14,123602.056658,125703.945115,0.000000,165485.348168,CPTY_A,7.896152
206,2024-01-12,14,112570.608991,112660.686123,0.000000,162391.544021,CPTY_A,7.934426
207,2024-01-26,14,109922.332037,111788.861983,0.000000,163073.076879,CPTY_A,7.972678
208,2024-02-09,14,129320.906528,131222.397190,0.000000,216912.098784,CPTY_A,8.010929
209,2024-02-23,14,94094.128381,94100.531992,0.000000,92192.538398,CPTY_A,8.049180
210,2024-03-08,14,131256.917253,132733.635763,0.000000,136740.454764,CPTY_A,8.087432
211,2024-03-22,14,120217.607129,121135.517401,0.000000,155439.175930,CPTY_A,8.125683
212,2024-04-05,14,119937.956349,120333.283263,0.000000,189936.979198,CPTY_A,8.163934
213,2024-04-19,14,96320.000690,96716.040989,0.000000,195536.883702,CPTY_A,8.202186
214,2024-05-03,14,146226.988983,146243.447886,0.000000,178378.570498,CPTY_A,8.240437
215,2024-05-17,14,126849.662502,127249.742026,0.000000,113886.142504,CPTY_A,8.278689
216,2024-05-31,14,157687.579274,157739.130962,0.000000,231918.861859,CPTY_A,8.316940
217,2024-06-14,14,102754.451237,103341.432157,0.000000,130783.384335,CPTY_A,8.355191
218,2024-06-28,14,101910.370292,101997.794002,0.000000,108519.777434,CPTY_A,8.393443
219,2024-07-12,14,110767.463016,111151.641795,0.000000,170577.697340,CPTY_A,8.431694
220,2024-07-26,14,141790.381457,141866.120657,0.000000,144355.557654,CPTY_A,8.469945
221,2024-08-09,14,135274.986882,135496.914227,0.000000,179733.667847,CPTY_A,8.508197
222,2024-08-23,14,118557.976054,118934.646734,0.000000,234116.835252,CPTY_A,8.546448
223,2024-09-06,14,137071.125217,137109.026776,0.000000,164432.652097,CPTY_A,8.584699
224,2024-09-20,14,114544.813590,114977.814423,0.000000,116818.897888,CPTY_A,8.622951
225,2024-10-04,14,117769.948017,117807.942536,0.000000,198350.264263,CPTY_A,8.661202
226,2024-10-18,14,133707.243424,133738.815630,0.000000,183835.259215,CPTY_A,8.699454
227,2024-11-01,14,109116.764990,109722.461143,0.000000,129760.941753,CPTY_A,8.737705
228,2024-11-15,14,111813.130303,111813.423971,0.000000,120502.246913,CPTY_A,8.775956
229,2024-11-29,14,146407.298427,148378.973759,0.000000,254931.413453,CPTY_A,8.814208
230,2024-12-13,14,142727.910272,142863.547771,0.000000,152646.901016,CPTY_A,8.852459
231,2024-12-27,14,137160.960666,137163.178762,0.000000,204084.306911,CPTY_A,8.890710
232,2025-01-10,14,110558.581488,111002.797855,0.000000,127998.498704,CPTY_A,8.929029
233,2025-01-24,14,181970.961383,182199.024244,0.000000,219912.252888,CPTY_A,8.967385
234,2025-02-07,14,98656.100008,101360.192167,0.000000,143454.743532,CPTY_A,9.005741
235,2025-02-21,14,125326.841047,125326.850549,0.000000,219140.216932,CPTY_A,9.044098
236,2025-03-07,14,119702.399842,120006.126084,0.000000,202024.529357,CPTY_A,9.082454
237,2025-03-21,14,139289.227653,139405.023729,0.000000,216818.571465,CPTY_A,9.120810
238,2025-04-04,18,124031.379283,124065.813689,0.000000,156559.907651,CPTY_A,9.159166
239,2025-04-22,10,106748.826527,106790.248415,0.000000,144642.571059,CPTY_A,9.208481
240,2025-05-02,14,148316.323999,148379.262501,0.000000,174521.476764,CPTY_A,9.235878
241,2025-05-16,14,134258.824344,135459.198060,0.000000,191509.588942,CPTY_A,9.274235
242,2025-05-30,14,115370.568250,115373.886864,0.000000,120936.632353,CPTY_A,9.312591
243,2025-06-13,14,151991.419552,152014.041747,0.000000,213795.848359,CPTY_A,9.350947
244,2025-06-27,14,114957.489565,114978.719858,0.000000,111034.252013,CPTY_A,9.389303
245,2025-07-11,14,131512.946218,131994.934564,0.000000,166945.961413,CPTY_A,9.427659
246,2025-07-25,14,137207.852457,138872.677760,0.000000,221134.112085,CPTY_A,9.466015
247,2025-08-08,14,132038.278000,132189.747152,0.000000,123389.165142,CPTY_A,9.504372
248,2025-08-22,14,144640.739544,145331.656826,0.000000,165535.350935,CPTY_A,9.542728
249,2025-09-05,14,134810.126890,134857.606716,0.000000,211876.198252,CPTY_A,9.581084
250,2025-09-19,14,151500.987718,151806.458487,0.000000,215858.850177,CPTY_A,9.619440
251,2025-10-03,14,141472.202161,141481.485844,0.000000,204034.408895,CPTY_A,9.657796
252,2025-10-17,14,108657.268322,108659.100956,0.000000,146053.537903,CPTY_A,9.696152
253,2025-10-31,14,112514.152256,112790.556485,0.000000,101299.328941,CPTY_A,9.734509
254,2025-11-14,14,143965.758096,144090.854672,0.000000,270630.991208,CPTY_A,9.772865
255,2025-11-28,14,130215.888926,130329.084796,0.000000,195282.313687,CPTY_A,9.811221
256,2025-12-12,17,103185.591070,103225.225640,0.000000,175337.614177,CPTY_A,9.849577
257,2025-12-29,11,99409.709019,99409.800575,0.000000,106206.404879,CPTY_A,9.896152
258,2026-01-09,14,123562.811106,123564.124091,0.000000,183084.596359,CPTY_A,9.926289
259,2026-01-23,14,120639.215463,121844.709144,0.000000,159750.279540,CPTY_A,9.964646
260,2026-02-06,14,134609.242295,134865.657447,0.000000,230825.393829,CPTY_A,10.003002
261,2026-02-20,14,169663.784194,169747.412422,0.000000,255751.938338,CPTY_A,10.041358
262,2026-03-06,14,155364.889198,155365.726631,0.000000,252676.085588,CPTY_A,10.079714
263,2026-03-20,18,148352.361945,148479.621119,0.000000,146440.238919,CPTY_A,10.118070
264,2026-04-07,10,147009.604055,148833.353721,0.000000,128381.720542,CPTY_A,10.167385
265,2026-04-17,18,176374.937819,176401.253817,0.000000,294912.256583,CPTY_A,10.194783
266,2026-05-05,10,125655.548841,125800.388934,0.000000,148785.769590,CPTY_A,10.244098
267,2026-05-15,14,82885.369055,82975.565412,0.000000,115439.393032,CPTY_A,10.271495
268,2026-05-29,14,128821.079495,128882.999345,0.000000,162080.327775,CPTY_A,10.309851
269,2026-06-12,14,105798.674016,107516.608681,0.000000,109842.627140,CPTY_A,10.348207
270,2026-06-26,14,133411.896497,133679.885070,0.000000,192698.844079,CPTY_A,10.386563
271,2026-07-10,14,174174.130425,174399.752723,0.000000,259746.679004,CPTY_A,10.424920
272,2026-07-24,14,141605.432321,141653.304225,0.000000,247407.868261,CPTY_A,10.463276
273,2026-08-07,14,96417.628806,96685.073766,0.000000,132893.572339,CPTY_A,10.501632
274,2026-08-21,14,114518.489180,114585.230272,-3313.645800,164639.622612,CPTY_A,10.539988
275,2026-09-04,14,136220.081604,137130.277360,0.000000,200465.762825,CPTY_A,10.578344
276,2026-09-18,14,107371.391054,107371.443202,0.000000,120559.018843,CPTY_A,10.616700
277,2026-10-02,14,121502.717064,122886.015433,0.000000,212082.862722,CPTY_A,10.655057
278,2026-10-16,14,129302.526280,129354.671933,0.000000,160182.370984,CPTY_A,10.693413
279,2026-10-30,14,85153.590714,88433.460438,0.000000,177527.259654,CPTY_A,10.731769
280,2026-11-13,14,146437.428442,147733.189408,0.000000,243619.140649,CPTY_A,10.770125
281,2026-11-27,14,124572.106454,124908.005832,0.000000,153241.345324,CPTY_A,10.808481
282,2026-12-11,18,86750.293462,87667.355829,0.000000,119764.033572,CPTY_A,10.846837
283,2026-12-29,10,128868.227260,131750.021362,0.000000,107056.774088,CPTY_A,10.896152
284,2027-01-08,14,97155.710054,97156.310496,0.000000,95188.793545,CPTY_A,10.923550
285,2027-01-22,14,122486.989015,123939.261934,0.000000,123004.647961,CPTY_A,10.961906
286,2027-02-05,14,124516.756892,125153.485671,0.000000,238330.597896,CPTY_A,11.000262
287,2027-02-19,14,96355.404841,99352.303099,61853.917900,123523.934365,CPTY_A,11.038618
288,2027-03-05,14,117268.809611,117304.976340,0.000000,143589.247126,CPTY_A,11.076974
289,2027-03-19,14,88012.907774,89126.663493,0.000000,102975.172783,CPTY_A,11.115330
290,2027-04-02,14,94705.318625,94825.098881,0.000000,105402.832696,CPTY_A,11.153687
291,2027-04-16,14,113810.680279,114015.122576,0.000000,160208.339971,CPTY_A,11.192043
292,2027-04-30,14,97005.702735,97281.287277,0.000000,148259.905030,CPTY_A,11.230399
293,2027-05-14,14,108526.746886,108553.587907,0.000000,138177.661730,CPTY_A,11.268755
294,2027-05-28,14,83610.210384,84667.038584,0.000000,111794.424659,CPTY_A,11.307111
295,2027-06-11,14,91457.312538,93808.524917,0.000000,189876.425018,CPTY_A,11.345467
296,2027-06-25,14,109550.512545,110264.579361,0.000000,177065.097790,CPTY_A,11.383824
297,2027-07-09,14,122812.335271,123130.631417,0.000000,105647.216435,CPTY_A,11.422180
298,2027-07-23,14,127383.826315,127574.250498,0.000000,151595.523554,CPTY_A,11.460536
299,2027-08-06,14,114158.961395,114233.452278,0.000000,141661.466415,CPTY_A,11.498892
300,2027-08-20,14,116395.855989,116628.959914,-5378.866021,164760.210568,CPTY_A,11.537248
301,2027-09-03,14,86452.291694,86735.351009,0.000000,122689.065267,CPTY_A,11.575604
302,2027-09-17,14,106317.183215,107225.779410,0.000000,118870.795999,CPTY_A,11.613961
303,2027-10-01,14,84239.567763,85273.444350,0.000000,94454.890924,CPTY_A,11.652317
304,2027-10-15,14,98059.258853,98284.717659,0.000000,147121.560865,CPTY_A,11.690673
305,2027-10-29,14,98614.208926,98671.929612,0.000000,177121.297801,CPTY_A,11.729029
306,2027-11-12,14,113617.193171,114965.690797,0.000000,209332.087985,CPTY_A,11.767385
307,2027-11-26,14,69643.904513,69673.237914,0.000000,106737.099382,CPTY_A,11.805741
308,2027-12-10,19,91680.472374,91766.781945,0.000000,140862.859903,CPTY_A,11.844098
309,2027-12-29,9,150923.197511,151189.287862,0.000000,234057.747373,CPTY_A,11.896152
310,2028-01-07,14,102503.168431,103049.975482,0.000000,128198.093770,CPTY_A,11.920765
311,2028-01-21,14,104475.038561,107321.323801,0.000000,77238.085396,CPTY_A,11.959016
312,2028-02-04,14,119547.221063,119550.240866,0.000000,184626.352893,CPTY_A,11.997268
313,2028-02-18,14,98570.244106,98570.349577,60401.984902,136974.367738,CPTY_A,12.035519
314,2028-03-03,14,79356.718700,80438.570450,0.000000,121985.294384,CPTY_A,12.073770
315,2028-03-17,14,124125.910786,124344.431717,0.000000,150352.532232,CPTY_A,12.112022
316,2028-03-31,18,77855.805244,78826.114326,0.000000,103452.838707,CPTY_A,12.150273
317,2028-04-18,10,113590.723647,113591.031943,0.000000,134273.826916,CPTY_A,12.199454
318,2028-04-28,14,86387.510519,86559.272316,0.000000,107025.297632,CPTY_A,12.226776
319,2028-05-12,14,74464.516994,75443.055460,0.000000,83532.295266,CPTY_A,12.265027
320,2028-05-26,14,81554.059503,81672.290696,0.000000,121913.226467,CPTY_A,12.303279
321,2028-06-09,14,71659.926163,71811.263709,0.000000,118049.326861,CPTY_A,12.341530
322,2028-06-23,14,120828.663289,125282.503240,0.000000,167098.169813,CPTY_A,12.379781
323,2028-07-07,14,83095.881530,83550.505768,0.000000,93699.406233,CPTY_A,12.418033
324,2028-07-21,14,104182.222894,105384.459124,0.000000,106773.197187,CPTY_A,12.456284
325,2028-08-04,14,116547.828590,116629.965819,0.000000,130278.417045,CPTY_A,12.494536
326,2028-08-18,14,98840.857397,98841.473028,-7444.165078,224012.971126,CPTY_A,12.532787
327,2028-09-01,14,108260.165058,108523.783840,0.000000,156305.890856,CPTY_A,12.571038
328,2028-09-15,14,70391.998868,70503.752680,0.000000,116934.050438,CPTY_A,12.609290
329,2028-09-29,14,79221.878112,79236.206761,0.000000,148490.606579,CPTY_A,12.647541
330,2028-10-13,14,96153.964535,96168.819451,0.000000,107351.751941,CPTY_A,12.685792
331,2028-10-27,17,52547.411570,52569.197533,0.000000,58495.946579,CPTY_A,12.724044
332,2028-11-13,11,87082.545807,87563.998415,0.000000,125188.601930,CPTY_A,12.770492
333,2028-11-24,14,87050.545359,87083.902840,0.000000,119442.223233,CPTY_A,12.800546
334,2028-12-08,14,78575.216183,78597.159913,0.000000,198479.332869,CPTY_A,12.838798
335,2028-12-22,14,81854.126702,82330.853824,0.000000,124056.904300,CPTY_A,12.877049
336,2029-01-05,14,60172.298542,60326.237598,0.000000,83155.984513,CPTY_A,12.915330
337,2029-01-19,14,81089.154757,81091.186035,0.000000,109583.597303,CPTY_A,12.953687
338,2029-02-02,14,68645.423157,68661.740156,0.000000,90855.762982,CPTY_A,12.992043
339,2029-02-16,14,97538.541431,99202.839523,57418.591221,178112.390910,CPTY_A,13.030399
340,2029-03-02,14,85608.496663,86221.117636,0.000000,116328.773063,CPTY_A,13.068755
341,2029-03-16,18,83567.646528,83612.835200,0.000000,101802.443141,CPTY_A,13.107111
342,2029-04-03,10,70460.650887,70479.403274,0.000000,111833.255164,CPTY_A,13.156426
343,2029-04-13,14,75274.400652,75615.920444,0.000000,139622.651352,CPTY_A,13.183824
344,2029-04-27,14,86070.735832,86324.372962,0.000000,119381.568013,CPTY_A,13.222180
345,2029-05-11,14,103190.933726,103545.599592,0.000000,196184.625223,CPTY_A,13.260536
346,2029-05-25,14,83099.484382,83266.605845,0.000000,130169.893528,CPTY_A,13.298892
347,2029-06-08,14,78206.169015,78588.645570,0.000000,134111.900476,CPTY_A,13.337248
348,2029-06-22,14,78705.304693,78721.811024,0.000000,95014.712051,CPTY_A,13.375604
349,2029-07-06,14,82169.000347,82315.006961,0.000000,113480.131313,CPTY_A,13.413961
350,2029-07-20,14,71556.392510,71678.333677,0.000000,86038.716627,CPTY_A,13.452317
351,2029-08-03,14,91965.591026,93570.603185,0.000000,121523.146341,CPTY_A,13.490673
352,2029-08-17,14,82675.358377,82863.230639,0.000000,127809.090330,CPTY_A,13.529029
353,2029-08-31,14,76733.547563,76838.972618,-7326.164385,112290.565660,CPTY_A,13.567385
354,2029-09-14,14,65261.918457,65317.502443,0.000000,112962.384118,CPTY_A,13.605741
355,2029-09-28,14,89427.726546,89487.817542,0.000000,106068.671104,CPTY_A,13.644098
356,2029-10-12,14,68790.354477,69040.526940,0.000000,87517.764810,CPTY_A,13.682454
357,2029-10-26,14,91198.235346,91270.857943,0.000000,160558.099386,CPTY_A,13.720810
358,2029-11-09,14,75597.878674,75653.893879,0.000000,100433.354769,CPTY_A,13.759166
359,2029-11-23,14,80582.608586,80611.615715,0.000000,104695.861831,CPTY_A,13.797522
360,2029-12-07,14,51822.014518,51868.635241,0.000000,66687.218862,CPTY_A,13.835878
361,2029-12-21,14,70799.825492,70832.549228,0.000000,78915.058492,CPTY_A,13.874235
362,2030-01-04,14,61054.634745,61210.671149,0.000000,97791.433362,CPTY_A,13.912591
363,2030-01-18,14,63579.046026,65928.563279,0.000000,41454.322049,CPTY_A,13.950947
364,2030-02-01,14,80923.394041,80933.327170,0.000000,150909.916590,CPTY_A,13.989303
365,2030-02-15,14,78414.978050,78529.809694,66153.905547,100178.845379,CPTY_A,14.027659
366,2030-03-01,14,63803.932040,63892.851319,0.000000,92209.393934,CPTY_A,14.066015
367,2030-03-15,14,59080.270390,59279.706259,0.000000,85290.135105,CPTY_A,14.104372
368,2030-03-29,14,60906.870568,60952.537855,0.000000,61825.787043,CPTY_A,14.142728
369,2030-04-12,14,78723.481288,78753.526779,0.000000,177013.811611,CPTY_A,14.181084
370,2030-04-26,14,93028.946724,93748.172905,0.000000,114971.910711,CPTY_A,14.219440
371,2030-05-10,14,79843.056464,80951.176949,0.000000,107547.482519,CPTY_A,14.257796
372,2030-05-24,14,76754.777388,76788.863093,0.000000,124062.592070,CPTY_A,14.296152
373,2030-06-07,14,55413.608231,55455.679737,0.000000,96124.271836,CPTY_A,14.334509
374,2030-06-21,14,89398.695333,89424.004926,0.000000,106881.933331,CPTY_A,14.372865
375,2030-07-05,14,64453.782404,65264.420908,0.000000,98058.383879,CPTY_A,14.411221
376,2030-07-19,14,95298.380469,95758.152557,0.000000,178331.797077,CPTY_A,14.449577
377,2030-08-02,14,57191.585569,57520.117562,0.000000,61773.427723,CPTY_A,14.487933
378,2030-08-16,14,60809.121634,61024.021868,0.000000,52446.716734,CPTY_A,14.526289
379,2030-08-30,14,66143.754651,66317.729556,-3732.304536,90502.423975,CPTY_A,14.564646
380,2030-09-13,14,55251.889802,56140.247416,0.000000,49441.197802,CPTY_A,14.603002
381,2030-09-27,14,55253.896477,55298.137909,0.000000,75427.794375,CPTY_A,14.641358
382,2030-10-11,14,43290.374848,43292.127687,0.000000,54007.421800,CPTY_A,14.679714
383,2030-10-25,14,73314.453345,73368.084248,0.000000,66095.687723,CPTY_A,14.718070
384,2030-11-08,14,78514.988225,78547.484431,0.000000,96121.209362,CPTY_A,14.756426
385,2030-11-22,14,58997.233114,59038.045465,0.000000,110291.388619,CPTY_A,14.794783
386,2030-12-06,14,52532.815418,52539.664827,0.000000,95558.377104,CPTY_A,14.833139
387,2030-12-20,14,67373.590626,69374.495864,0.000000,91802.274727,CPTY_A,14.871495
388,2031-01-03,14,50585.024366,54274.768103,0.000000,22110.188881,CPTY_A,14.909851
389,2031-01-17,14,72868.996710,73076.785171,0.000000,101044.038601,CPTY_A,14.948207
390,2031-01-31,14,58935.084767,59918.014562,0.000000,98579.993772,CPTY_A,14.986563
391,2031-02-14,14,68404.915665,68550.373873,0.000000,114061.403082,CPTY_A,15.024920
392,2031-02-28,14,46989.293422,47122.508938,59153.725322,65479.895878,CPTY_A,15.063276
393,2031-03-14,14,61976.620036,62269.776330,0.000000,74726.916603,CPTY_A,15.101632
394,2031-03-28,18,56967.137111,57698.925921,0.000000,80327.173236,CPTY_A,15.139988
395,2031-04-15,10,65801.095495,67029.308595,0.000000,38152.907010,CPTY_A,15.189303
396,2031-04-25,14,48943.157149,48974.893763,0.000000,60452.665151,CPTY_A,15.216700
397,2031-05-09,14,47485.322573,48062.247688,0.000000,56645.177384,CPTY_A,15.255057
398,2031-05-23,14,63702.560546,63774.105520,0.000000,85607.367909,CPTY_A,15.293413
399,2031-06-06,14,57182.596510,57434.653133,0.000000,94719.526519,CPTY_A,15.331769
400,2031-06-20,17,43532.334299,43535.136544,0.000000,54804.738699,CPTY_A,15.370125
401,2031-07-07,11,66965.261184,68189.947303,0.000000,123569.313103,CPTY_A,15.416700
402,2031-07-18,17,50675.607530,50685.618089,0.000000,67782.525991,CPTY_A,15.446837
403,2031-08-04,11,55066.485944,55436.498478,0.000000,72236.996811,CPTY_A,15.493413
404,2031-08-15,14,48863.696728,49256.109064,0.000000,66367.617603,CPTY_A,15.523550
405,2031-08-29,14,58128.640731,58450.308108,-8288.006328,63978.182705,CPTY_A,15.561906
406,2031-09-12,14,49686.246723,49868.386391,0.000000,52961.622706,CPTY_A,15.600262
407,2031-09-26,14,40275.776257,40435.971527,0.000000,44789.321668,CPTY_A,15.638618
408,2031-10-10,14,37936.721249,38280.320069,0.000000,56912.994365,CPTY_A,15.676974
409,2031-10-24,14,39802.329646,39959.492499,0.000000,58600.378245,CPTY_A,15.715330
410,2031-11-07,14,38332.900654,38442.364749,0.000000,34286.921531,CPTY_A,15.753687
411,2031-11-21,14,50667.035843,50780.372400,0.000000,71539.834794,CPTY_A,15.792043
412,2031-12-05,14,48397.273459,48430.140244,0.000000,85833.946364,CPTY_A,15.830399
413,2031-12-19,17,44628.434939,44671.078568,0.000000,55953.853123,CPTY_A,15.868755
414,2032-01-05,11,53047.914423,53187.207557,0.000000,105205.627925,CPTY_A,15.915301
415,2032-01-16,14,44266.260033,45105.224572,0.000000,36208.441743,CPTY_A,15.945355
416,2032-01-30,14,42665.019662,44324.153385,0.000000,70742.001510,CPTY_A,15.983607
417,2032-02-13,14,41195.945035,42590.272511,0.000000,25916.471070,CPTY_A,16.021858
418,2032-02-27,14,26420.988724,26492.044360,53021.758047,40956.768209,CPTY_A,16.060109
419,2032-03-12,18,52542.510577,52728.017555,0.000000,65005.544454,CPTY_A,16.098361
420,2032-03-30,10,49572.415808,49582.918858,0.000000,53869.927887,CPTY_A,16.147541
421,2032-04-09,14,32318.385001,32318.428849,0.000000,34149.410554,CPTY_A,16.174863
422,2032-04-23,14,38435.637532,38477.010959,0.000000,49842.901081,CPTY_A,16.213115
423,2032-05-07,14,50282.907223,50322.035819,0.000000,88103.952028,CPTY_A,16.251366
424,2032-05-21,14,39271.788430,39271.804088,0.000000,39141.274546,CPTY_A,16.289617
425,2032-06-04,17,46956.597814,47077.678975,0.000000,62247.366405,CPTY_A,16.327869
426,2032-06-21,11,39088.336723,39607.318027,0.000000,55913.009819,CPTY_A,16.374317
427,2032-07-02,14,46410.058404,46410.066488,0.000000,56028.199726,CPTY_A,16.404372
428,2032-07-16,14,26456.997743,27126.281583,0.000000,36986.812183,CPTY_A,16.442623
429,2032-07-30,14,50697.307558,50708.232679,0.000000,50711.484092,CPTY_A,16.480874
430,2032-08-13,14,40702.681282,40808.412504,0.000000,52767.941829,CPTY_A,16.519126
431,2032-08-27,14,34003.044564,34063.235891,-13444.001123,43581.688011,CPTY_A,16.557377
432,2032-09-10,14,41205.532443,41609.802282,0.000000,35617.125301,CPTY_A,16.595628
433,2032-09-24,14,28686.207014,28691.116772,0.000000,37804.858595,CPTY_A,16.633880
434,2032-10-08,14,32146.997612,32180.059362,0.000000,54924.356789,CPTY_A,16.672131
435,2032-10-22,14,35647.306747,35648.620804,0.000000,45778.837553,CPTY_A,16.710383
436,2032-11-05,14,23952.719789,24069.084527,0.000000,36386.702978,CPTY_A,16.748634
437,2032-11-19,14,34713.212567,34789.142354,0.000000,42755.924937,CPTY_A,16.786885
438,2032-12-03,14,38324.712473,38632.566192,0.000000,43374.006027,CPTY_A,16.825137
439,2032-12-17,18,39622.645201,39662.891291,0.000000,64608.553719,CPTY_A,16.863388
440,2033-01-04,10,22691.717934,22694.873182,0.000000,31785.164348,CPTY_A,16.912591
441,2033-01-14,14,29852.686875,30811.014556,0.000000,53679.297652,CPTY_A,16.939988
442,2033-01-28,14,30241.101094,30879.331968,0.000000,31336.342993,CPTY_A,16.978344
443,2033-02-11,14,32480.618913,32803.572953,0.000000,27013.615118,CPTY_A,17.016700
444,2033-02-25,14,37858.255326,38922.112242,50859.581094,21982.635833,CPTY_A,17.055057
445,2033-03-11,14,30706.661916,31002.974548,0.000000,31404.009960,CPTY_A,17.093413
446,2033-03-25,14,27802.000560,27879.383252,0.000000,36515.879736,CPTY_A,17.131769
447,2033-04-08,14,26013.521500,27024.862858,0.000000,50182.375672,CPTY_A,17.170125
448,2033-04-22,14,28436.821525,28737.004029,0.000000,47388.344141,CPTY_A,17.208481
449,2033-05-06,14,25280.551582,25325.326652,0.000000,45836.658539,CPTY_A,17.246837
450,2033-05-20,14,24948.666257,25314.122399,0.000000,42464.743405,CPTY_A,17.285194
451,2033-06-03,14,29195.845673,29733.336864,0.000000,44461.297040,CPTY_A,17.323550
452,2033-06-17,14,33417.853318,33484.186397,0.000000,50678.523493,CPTY_A,17.361906
453,2033-07-01,14,25433.175359,25598.810954,0.000000,33244.273832,CPTY_A,17.400262
454,2033-07-15,14,27719.670766,27737.120053,0.000000,52070.158288,CPTY_A,17.438618
455,2033-07-29,14,39819.123007,39819.421609,0.000000,40425.497059,CPTY_A,17.476974
456,2033-08-12,14,32595.417675,33440.781963,0.000000,46718.775972,CPTY_A,17.515330
457,2033-08-26,14,24565.903692,24661.741802,-14307.876172,35299.982476,CPTY_A,17.553687
458,2033-09-09,14,16667.909542,16712.404441,0.000000,25559.666652,CPTY_A,17.592043
459,2033-09-23,14,25430.568997,25435.085667,0.000000,39546.316948,CPTY_A,17.630399
460,2033-10-07,14,26384.987986,26452.821220,0.000000,24629.967016,CPTY_A,17.668755
461,2033-10-21,14,23662.860457,23680.679616,0.000000,38119.675012,CPTY_A,17.707111
462,2033-11-04,14,23564.540534,23705.908442,0.000000,34326.040145,CPTY_A,17.745467
463,2033-11-18,14,26399.879178,26400.086088,0.000000,30637.946264,CPTY_A,17.783824
464,2033-12-02,14,20385.008553,20394.876204,0.000000,22282.044325,CPTY_A,17.822180
465,2033-12-16,14,24254.433465,24607.935857,0.000000,33607.789754,CPTY_A,17.860536
466,2033-12-30,14,20784.567550,20941.735002,0.000000,23718.173691,CPTY_A,17.898892
467,2034-01-13,14,23776.981420,23804.932430,0.000000,29836.010073,CPTY_A,17.937248
468,2034-01-27,14,24474.933590,24579.956873,0.000000,45244.650291,CPTY_A,17.975604
469,2034-02-10,14,15565.121186,15567.155696,0.000000,21388.072152,CPTY_A,18.013961
470,2034-02-24,14,21263.099516,21497.914663,48154.139219,27306.655334,CPTY_A,18.052317
471,2034-03-10,14,14798.578766,14922.389609,0.000000,15845.574783,CPTY_A,18.090673
472,2034-03-24,18,19767.032775,20030.816485,0.000000,23496.195347,CPTY_A,18.129029
473,2034-04-11,10,19110.326831,19165.593666,0.000000,24008.905183,CPTY_A,18.178344
474,2034-04-21,14,16544.468221,16667.553626,0.000000,24995.086830,CPTY_A,18.205741
475,2034-05-05,14,19370.259739,19710.933644,0.000000,20015.937489,CPTY_A,18.244098
476,2034-05-19,14,18922.256613,18943.337432,0.000000,29367.499094,CPTY_A,18.282454
477,2034-06-02,14,22505.644680,22616.968281,0.000000,42614.207953,CPTY_A,18.320810
478,2034-06-16,14,13262.111390,13291.561527,0.000000,10883.913307,CPTY_A,18.359166
479,2034-06-30,14,19324.535870,19521.620545,0.000000,27607.746087,CPTY_A,18.397522
480,2034-07-14,14,14795.496026,14974.274993,0.000000,23979.157087,CPTY_A,18.435878
481,2034-07-28,14,14374.128084,15365.312195,0.000000,25902.123343,CPTY_A,18.474235
482,2034-08-11,14,16963.763526,18303.239569,0.000000,15229.348475,CPTY_A,18.512591
483,2034-08-25,14,19661.645814,19698.496731,-15391.429258,29224.781338,CPTY_A,18.550947
484,2034-09-08,14,11897.405727,12092.002944,0.000000,17990.235549,CPTY_A,18.589303
485,2034-09-22,14,10263.419410,10263.430378,0.000000,19183.922237,CPTY_A,18.627659
486,2034-10-06,14,10478.568068,10479.769816,0.000000,15580.098683,CPTY_A,18.666015
487,2034-10-20,14,10063.208488,10063.574897,0.000000,13676.379083,CPTY_A,18.704372
488,2034-11-03,14,8256.478351,8385.311556,0.000000,15522.183836,CPTY_A,18.742728
489,2034-11-17,14,9407.864099,9408.431559,0.000000,13998.620981,CPTY_A,18.781084
490,2034-12-01,14,7698.786729,7790.521190,0.000000,13342.655913,CPTY_A,18.819440
491,2034-12-15,14,13126.200956,13412.485968,0.000000,18621.440419,CPTY_A,18.857796
492,2034-12-29,14,9178.034770,9202.579581,0.000000,9367.185852,CPTY_A,18.896152
493,2035-01-12,14,10262.941708,10322.139256,0.000000,9625.101007,CPTY_A,18.934509
494,2035-01-26,14,12333.229504,12376.673831,0.000000,18342.003709,CPTY_A,18.972865
495,2035-02-09,14,10366.024942,10502.526059,0.000000,18348.826383,CPTY_A,19.011221
496,2035-02-23,14,14008.352025,14008.388985,43388.933477,19111.301625,CPTY_A,19.049577
497,2035-03-09,18,6644.530806,6679.171187,0.000000,10602.072223,CPTY_A,19.087933
498,2035-03-27,10,5741.879215,5750.118483,0.000000,7725.037662,CPTY_A,19.137248
499,2035-04-06,14,4849.035482,4927.464889,0.000000,4356.342295,CPTY_A,19.164646
500,2035-04-20,14,5137.472903,5346.296256,0.000000,9782.390398,CPTY_A,19.203002
501,2035-05-04,14,5778.349274,5949.420830,0.000000,5838.781497,CPTY_A,19.241358
502,2035-05-18,14,6146.775471,6202.202886,0.000000,5130.652911,CPTY_A,19.279714
503,2035-06-01,14,4473.955203,4474.497531,0.000000,7675.656449,CPTY_A,19.318070
504,2035-06-15,14,5969.730463,5971.642775,0.000000,6161.560819,CPTY_A,19.356426
505,2035-06-29,14,6077.599063,6251.507168,0.000000,5187.139649,CPTY_A,19.394783
506,2035-07-13,14,4252.777935,4294.977888,0.000000,6004.292600,CPTY_A,19.433139
507,2035-07-27,14,7871.970295,7950.896679,0.000000,11355.331959,CPTY_A,19.471495
508,2035-08-10,14,7451.177974,7460.136797,0.000000,8283.689208,CPTY_A,19.509851
509,2035-08-24,14,4519.959865,4523.850615,-17292.929795,5800.544647,CPTY_A,19.548207
510,2035-09-07,14,59.926704,63.313890,0.000000,129.150703,CPTY_A,19.586563
511,2035-09-21,14,86.345804,86.443823,0.000000,61.222222,CPTY_A,19.624920
512,2035-10-05,14,110.640896,110.957443,0.000000,122.339476,CPTY_A,19.663276
513,2035-10-19,14,69.306436,76.825061,0.000000,112.606476,CPTY_A,19.701632
514,2035-11-02,14,69.362666,69.850628,0.000000,59.967148,CPTY_A,19.739988
515,2035-11-16,14,74.597983,74.599893,0.000000,65.465589,CPTY_A,19.778344
516,2035-11-30,14,52.219853,53.119351,0.000000,56.354191,CPTY_A,19.816700
517,2035-12-14,14,34.817490,36.064398,0.000000,52.355836,CPTY_A,19.855057
518,2035-12-28,14,57.928740,58.465444,0.000000,55.973292,CPTY_A,19.893413
519,2036-01-11,14,50.979730,51.753003,0.000000,66.200965,CPTY_A,19.931694
520,2036-01-25,14,67.804485,68.661850,0.000000,64.729923,CPTY_A,19.969945
521,2036-02-08,14,53.868322,55.076302,0.000000,62.497540,CPTY_A,20.008197
522,2036-02-22,14,37.352037,38.528600,38416.653281,48.873381,CPTY_A,20.046448
523,2036-03-07,14,0.000000,0.000000,0.000000,0.000000,CPTY_A,20.084699
524,2036-03-21,14,0.000000,0.000000,0.000000,0.000000,CPTY_A,20.122951
525,2036-04-04,14,0.000000,0.000000,0.000000,0.000000,CPTY_A,20.161202
526,2036-04-18,14,0.000000,0.000000,0.000000,0.000000,CPTY_A,20.199454
527,2036-05-02,14,0.000000,0.000000,0.000000,0.000000,CPTY_A,20.237705
528,2036-05-16,14,0.000000,0.000000,0.000000,0.000000,CPTY_A,20.275956
529,2036-05-30,14,0.000000,0.000000,0.000000,0.000000,CPTY_A,20.314208
530,2036-06-13,14,0.000000,0.000000,0.000000,0.000000,CPTY_A,20.352459
531,2036-06-27,14,0.000000,0.000000,0.000000,0.000000,CPTY_A,20.390710
532,2036-07-11,14,0.000000,0.000000,0.000000,0.000000,CPTY_A,20.428962
533,2036-07-25,14,0.000000,0.000000,0.000000,0.000000,CPTY_A,20.467213
534,2036-08-08,14,0.000000,0.000000,0.000000,0.000000,CPTY_A,20.505464
535,2036-08-22,14,0.000000,0.000000,0.000000,0.000000,CPTY_A,20.543716
536,2036-09-05,14,0.000000,0.000000,0.000000,0.000000,CPTY_A,20.581967
537,2036-09-19,14,0.000000,0.000000,0.000000,0.000000,CPTY_A,20.620219
538,2036-10-03,14,0.000000,0.000000,0.000000,0.000000,CPTY_A,20.658470
