#NettingSet,Date,Time,EPE,ENE,PFE,ExpectedCollateral,BaselEE,BaselEEE,TimeWeightedBaselEPE,TimeWeightedBaselEEPE
CPTY_A,2016-02-05,0.000000,0.00,1349153.71,0.00,-1349153.71,0.00,0.00,0.00,0.00
CPTY_A,2016-03-07,0.084699,1859295.34,3152364.03,7019958.31,0.00,1859025.66,1859025.66,1859025.66,1859025.66
CPTY_A,2016-04-05,0.163934,2646352.51,3845231.69,11728072.50,0.00,2645471.05,2645471.05,2239140.93,2239140.93
CPTY_A,2016-05-06,0.248634,3173817.19,4728235.79,13191996.75,0.00,3171995.74,3171995.74,2556926.64,2556926.64
CPTY_A,2016-06-06,0.333333,4453892.93,6543202.95,16954156.75,0.00,4450263.35,4450263.35,3038020.39,3038020.39
CPTY_A,2016-07-05,0.412568,5382892.57,7980442.24,21444089.00,0.00,5376988.27,5376988.27,3487226.14,3487226.14
CPTY_A,2016-08-05,0.497268,5739973.29,8442823.84,25080843.50,0.00,5732539.51,5732539.51,3869669.63,3869669.63
CPTY_A,2016-09-06,0.584699,6511811.92,7852538.46,27545764.00,0.00,6501171.83,6501171.83,4263165.29,4263165.29
CPTY_A,2016-10-05,0.663934,6803405.70,8609131.30,25497734.79,0.00,6790527.70,6790527.70,4564784.67,4564784.67
CPTY_A,2016-11-07,0.754098,3158061.06,2448888.38,10281793.50,0.00,3150753.18,6790527.70,4395715.69,4830906.12
CPTY_A,2016-12-05,0.830601,2794948.27,2516560.72,8922464.75,0.00,2787676.15,6790527.70,4247606.78,5011397.58
CPTY_A,2017-01-05,0.915330,3003028.14,2748213.55,11733747.25,0.00,2994324.02,6790527.70,4131594.16,5176086.31
CPTY_A,2017-02-06,1.003002,3249315.38,3026873.21,13080287.00,0.00,3239003.67,6790527.70,4053573.84,5317202.79
CPTY_A,2017-03-06,1.079714,3675282.64,2588022.37,13127670.00,0.00,3662500.36,6790527.70,4025788.56,5421880.67
CPTY_A,2017-04-05,1.161906,3489689.57,2340724.55,10458765.00,0.00,3476372.40,6790527.70,3986923.54,5518697.07
CPTY_A,2017-05-05,1.244098,3565395.34,2376070.85,11108414.00,0.00,3550583.70,6790527.70,3958096.59,5602721.04
CPTY_A,2017-06-06,1.331769,3573022.27,2682421.45,11696815.50,0.00,3557075.40,6790527.70,3931697.09,5680915.15
CPTY_A,2017-07-05,1.411221,3612571.31,2721891.00,11556383.50,0.00,3595468.40,6790527.70,3912767.34,5743386.59
CPTY_A,2017-08-07,1.501632,3711543.86,2560305.94,12409417.25,0.00,3692827.55,6790527.70,3899525.11,5806433.35
CPTY_A,2017-09-05,1.581084,4125534.52,2332267.01,13042304.25,0.00,4103566.22,6790527.70,3909778.51,5855885.70
CPTY_A,2017-10-05,1.663276,4219168.47,2448516.22,13283971.25,0.00,4195464.42,6790527.70,3923895.85,5902071.61
CPTY_A,2017-11-06,1.750947,4074910.16,2268332.93,13373630.25,0.00,4050742.46,6790527.70,3930247.15,5946557.27
CPTY_A,2017-12-05,1.830399,3737204.15,2177700.30,12315506.50,0.00,3713799.55,6790527.70,3920851.82,5983191.46
CPTY_A,2018-01-05,1.915330,3807570.02,2164368.49,12864541.00,0.00,3782343.41,6790527.70,3914709.94,6018991.18
CPTY_A,2018-02-05,2.000262,4216783.80,2310596.65,14581267.50,0.00,4187316.76,6790527.70,3926284.88,6051750.76
CPTY_A,2018-03-05,2.076974,4225264.48,1919490.76,12694502.25,0.00,4194817.52,6790527.70,3936203.04,6079037.23
CPTY_A,2018-04-05,2.161906,4294674.62,2082767.57,13450821.50,0.00,4262865.29,6790527.70,3949036.12,6106988.48
CPTY_A,2018-05-08,2.252317,4292822.26,2045516.05,13863694.75,0.00,4260109.40,6790527.70,3961523.01,6134426.64
CPTY_A,2018-06-05,2.329029,3545268.57,2138158.69,13567393.50,0.00,3517609.73,6790527.70,3946901.63,6156036.95
CPTY_A,2018-07-05,2.411221,3477638.22,2210563.27,13386451.25,0.00,3449831.76,6790527.70,3929957.91,6177664.97
CPTY_A,2018-08-06,2.498892,3484665.24,2211113.85,13993307.00,0.00,3456081.00,6790527.70,3913332.39,6199166.67
CPTY_A,2018-09-05,2.581084,3468162.37,1952753.48,14480118.00,0.00,3439040.37,6790527.70,3898229.09,6217997.91
CPTY_A,2018-10-05,2.663276,3433252.74,1972475.92,14341556.75,0.00,3403757.64,6790527.70,3882969.12,6235666.84
CPTY_A,2018-11-05,2.748207,3443476.26,1938684.15,15398571.50,0.00,3413202.98,6790527.70,3868451.31,6252814.45
CPTY_A,2018-12-05,2.830399,2849414.76,2164683.45,13518930.25,0.00,2823811.45,6790527.70,3838116.08,6268429.07
CPTY_A,2019-01-07,2.920810,2754614.99,2169457.98,14187037.50,0.00,2729275.86,6790527.70,3803792.96,6284590.15
CPTY_A,2019-02-05,3.000262,2744627.80,2196735.89,11876316.25,0.00,2718866.10,6790527.70,3775062.25,6297988.24
CPTY_A,2019-03-05,3.076974,2684488.74,1746062.88,10605600.00,0.00,2659071.59,6790527.70,3747239.38,6310267.78
CPTY_A,2019-04-05,3.161906,2635834.29,1705123.07,10235939.25,0.00,2610735.08,6790527.70,3716711.90,6323167.98
CPTY_A,2019-05-07,3.249577,2807866.78,1821378.74,10680338.38,0.00,2780972.47,6790527.70,3691466.33,6335777.00
CPTY_A,2019-06-05,3.329029,2301698.13,1896490.52,8443664.00,0.00,2279535.42,6790527.70,3657768.57,6346630.28
CPTY_A,2019-07-05,3.411221,2286302.53,1727899.11,8413917.00,0.00,2264168.27,6790527.70,3624190.42,6357325.78
CPTY_A,2019-08-05,3.496152,2394199.56,1955525.63,9487824.00,0.00,2370891.10,6790527.70,3593744.21,6367849.49
CPTY_A,2019-09-05,3.581084,2370632.11,1450346.50,8555415.38,0.00,2347424.75,6790527.70,3564185.62,6377874.03
CPTY_A,2019-10-07,3.668755,2412659.19,1547136.49,8637615.75,0.00,2388905.59,6790527.70,3536100.28,6387735.10
CPTY_A,2019-11-05,3.748207,2429433.63,1579571.50,8054813.88,0.00,2405391.84,6790527.70,3512132.26,6396273.23
CPTY_A,2019-12-05,3.830399,1701182.06,1466065.23,6327999.50,0.00,1684257.98,6790527.70,3472910.17,6404733.05
CPTY_A,2020-01-06,3.918033,1717868.06,1535657.09,6484100.25,0.00,1700681.99,6790527.70,3433271.12,6413362.04
CPTY_A,2020-02-05,4.000000,1782145.95,1600825.11,6596486.63,0.00,1764223.49,6790527.70,3399069.32,6421090.84
CPTY_A,2020-03-05,4.079235,1716737.33,1108820.81,5591497.00,0.00,1699585.75,6790527.70,3366058.59,6428266.77
CPTY_A,2020-04-06,4.166667,1712080.91,1085805.70,5568007.63,0.00,1695157.74,6790527.70,3330997.06,6435868.31
CPTY_A,2020-05-05,4.245902,1746651.07,1102906.88,5663981.50,0.00,1729554.38,6790527.70,3301111.71,6442486.80
CPTY_A,2020-06-05,4.330601,1036866.95,1079781.26,3404374.06,0.00,1026824.55,6790527.70,3256630.39,6449293.91
CPTY_A,2020-07-06,4.415301,1075002.99,1113519.16,3728826.75,0.00,1064701.90,6790527.70,3214582.25,6455839.85
CPTY_A,2020-08-05,4.497268,1094952.59,1141037.64,3689884.56,0.00,1084569.43,6790527.70,3175760.63,6461939.87
CPTY_A,2020-09-08,4.590164,910162.28,600239.91,3114796.00,0.00,901634.24,6790527.70,3129736.65,6468589.86
CPTY_A,2020-10-05,4.663934,958701.70,615970.79,3203767.75,0.00,949804.84,6790527.70,3095256.18,6473682.03
CPTY_A,2020-11-05,4.748634,955636.44,624621.47,3423714.44,0.00,946866.44,6790527.70,3056936.22,6479333.47
CPTY_A,2020-12-07,4.836066,244536.69,570738.56,1171068.50,0.00,242318.55,6790527.70,3006050.48,6484959.59
CPTY_A,2021-01-05,4.915330,261935.94,552757.61,1409769.63,0.00,259585.21,6790527.70,2961760.82,6489887.19
CPTY_A,2021-02-05,5.000262,265772.76,555897.65,1388206.31,0.00,263414.98,6790527.70,2915928.30,6494993.70
CPTY_A,2021-03-05,5.076974,0.00,0.00,0.00,0.00,0.00,6790527.70,2871869.06,6499459.17
CPTY_A,2021-04-06,5.164646,0.00,0.00,0.00,0.00,0.00,6790527.70,2823118.32,6504400.14
CPTY_A,2021-05-05,5.244098,0.00,0.00,0.00,0.00,0.00,6790527.70,2780345.93,6508735.19
CPTY_A,2021-06-07,5.334509,0.00,0.00,0.00,0.00,0.00,6790527.70,2733223.74,6513511.10
CPTY_A,2021-07-06,5.413961,0.00,0.00,0.00,0.00,0.00,6790527.70,2693112.58,6517576.43
CPTY_A,2021-08-05,5.496152,0.00,0.00,0.00,0.00,0.00,6790527.70,2652838.64,6521658.26
CPTY_A,2021-09-07,5.586563,0.00,0.00,0.00,0.00,0.00,6790527.70,2609906.04,6526009.54
CPTY_A,2021-10-05,5.663276,0.00,0.00,0.00,0.00,0.00,6790527.70,2574553.36,6529592.59
CPTY_A,2021-11-05,5.748207,0.00,0.00,0.00,0.00,0.00,6790527.70,2536513.55,6533447.99
CPTY_A,2021-12-06,5.833139,0.00,0.00,0.00,0.00,0.00,6790527.70,2499581.48,6537191.11
CPTY_A,2022-01-05,5.915330,0.00,0.00,0.00,0.00,0.00,6790527.70,2464850.53,6540711.15
CPTY_A,2022-02-07,6.005741,0.00,0.00,0.00,0.00,0.00,6790527.70,2427744.45,6544471.91
CPTY_A,2022-03-07,6.082454,0.00,0.00,0.00,0.00,0.00,6790527.70,2397125.57,6547575.18
CPTY_A,2022-04-05,6.161906,0.00,0.00,0.00,0.00,0.00,6790527.70,2366216.86,6550707.83
CPTY_A,2022-05-05,6.244098,0.00,0.00,0.00,0.00,0.00,6790527.70,2335070.07,6553864.61
CPTY_A,2022-06-07,6.334509,0.00,0.00,0.00,0.00,0.00,6790527.70,2301742.17,6557242.45
CPTY_A,2022-07-05,6.411221,0.00,0.00,0.00,0.00,0.00,6790527.70,2274201.08,6560033.78
CPTY_A,2022-08-05,6.496152,0.00,0.00,0.00,0.00,0.00,6790527.70,2244467.89,6563047.28
CPTY_A,2022-09-06,6.583824,0.00,0.00,0.00,0.00,0.00,6790527.70,2214580.20,6566076.45
CPTY_A,2022-10-05,6.663276,0.00,0.00,0.00,0.00,0.00,6790527.70,2188173.83,6568752.78
CPTY_A,2022-11-07,6.753687,0.00,0.00,0.00,0.00,0.00,6790527.70,2158880.95,6571721.66
CPTY_A,2022-12-05,6.830399,0.00,0.00,0.00,0.00,0.00,6790527.70,2134634.52,6574179.07
CPTY_A,2023-01-05,6.915330,0.00,0.00,0.00,0.00,0.00,6790527.70,2108417.74,6576836.18
CPTY_A,2023-02-06,7.003002,0.00,0.00,0.00,0.00,0.00,6790527.70,2082022.26,6579511.41
CPTY_A,2023-03-06,7.079714,0.00,0.00,0.00,0.00,0.00,6790527.70,2059462.48,6581797.88
CPTY_A,2023-04-05,7.161906,0.00,0.00,0.00,0.00,0.00,6790527.70,2035827.59,6584193.31
CPTY_A,2023-05-05,7.244098,0.00,0.00,0.00,0.00,0.00,6790527.70,2012729.02,6586534.39
CPTY_A,2023-06-05,7.329029,0.00,0.00,0.00,0.00,0.00,6790527.70,1989404.77,6588898.34
CPTY_A,2023-07-05,7.411221,0.00,0.00,0.00,0.00,0.00,6790527.70,1967341.91,6591134.45
CPTY_A,2023-08-07,7.501632,0.00,0.00,0.00,0.00,0.00,6790527.70,1943631.17,6593537.57
CPTY_A,2023-09-05,7.581084,0.00,0.00,0.00,0.00,0.00,6790527.70,1923261.32,6595602.08
CPTY_A,2023-10-05,7.663276,0.00,0.00,0.00,0.00,0.00,6790527.70,1902633.55,6597692.74
CPTY_A,2023-11-06,7.750947,0.00,0.00,0.00,0.00,0.00,6790527.70,1881112.80,6599873.90
CPTY_A,2023-12-05,7.830399,0.00,0.00,0.00,0.00,0.00,6790527.70,1862025.87,6601808.40
CPTY_A,2024-01-05,7.915301,0.00,0.00,0.00,0.00,0.00,6790527.70,1842053.30,6603832.65
CPTY_A,2024-02-05,8.000000,0.00,0.00,0.00,0.00,0.00,6790527.70,1822550.68,6605809.27
CPTY_A,2024-03-05,8.079235,0.00,0.00,0.00,0.00,0.00,6790527.70,1804676.50,6607620.85
CPTY_A,2024-04-05,8.163934,0.00,0.00,0.00,0.00,0.00,6790527.70,1785953.28,6609518.47
CPTY_A,2024-05-07,8.251366,0.00,0.00,0.00,0.00,0.00,6790527.70,1767029.27,6611436.45
CPTY_A,2024-06-05,8.330601,0.00,0.00,0.00,0.00,0.00,6790527.70,1750222.50,6613139.85
CPTY_A,2024-07-05,8.412568,0.00,0.00,0.00,0.00,0.00,6790527.70,1733169.34,6614868.21
CPTY_A,2024-08-05,8.497268,0.00,0.00,0.00,0.00,0.00,6790527.70,1715893.38,6616619.16
CPTY_A,2024-09-05,8.581967,0.00,0.00,0.00,0.00,0.00,6790527.70,1698958.42,6618335.54
CPTY_A,2024-10-07,8.669399,0.00,0.00,0.00,0.00,0.00,6790527.70,1681824.27,6620072.12
CPTY_A,2024-11-05,8.748634,0.00,0.00,0.00,0.00,0.00,6790527.70,1666592.26,6621615.90
CPTY_A,2024-12-05,8.830601,0.00,0.00,0.00,0.00,0.00,6790527.70,1651122.65,6623183.77
CPTY_A,2025-01-06,8.918070,0.00,0.00,0.00,0.00,0.00,6790527.70,1634928.31,6624825.10
CPTY_A,2025-02-05,9.000262,0.00,0.00,0.00,0.00,0.00,6790527.70,1619997.89,6626338.32
CPTY_A,2025-03-05,9.076974,0.00,0.00,0.00,0.00,0.00,6790527.70,1606306.79,6627725.93
CPTY_A,2025-04-07,9.167385,0.00,0.00,0.00,0.00,0.00,6790527.70,1590465.00,6629331.52
CPTY_A,2025-05-06,9.246837,0.00,0.00,0.00,0.00,0.00,6790527.70,1576799.17,6630716.58
CPTY_A,2025-06-05,9.329029,0.00,0.00,0.00,0.00,0.00,6790527.70,1562907.06,6632124.56
CPTY_A,2025-07-07,9.416700,0.00,0.00,0.00,0.00,0.00,6790527.70,1548356.10,6633599.33
CPTY_A,2025-08-05,9.496152,0.00,0.00,0.00,0.00,0.00,6790527.70,1535401.38,6634912.31
CPTY_A,2025-09-05,9.581084,0.00,0.00,0.00,0.00,0.00,6790527.70,1521790.81,6636291.76
CPTY_A,2025-10-06,9.666015,0.00,0.00,0.00,0.00,0.00,6790527.70,1508419.43,6637646.97
CPTY_A,2025-11-05,9.748207,0.00,0.00,0.00,0.00,0.00,6790527.70,1495701.23,6638935.98
CPTY_A,2025-12-05,9.830399,0.00,0.00,0.00,0.00,0.00,6790527.70,1483195.70,6640203.44
CPTY_A,2026-01-05,9.915330,0.00,0.00,0.00,0.00,0.00,6790527.70,1470491.12,6641491.07
CPTY_A,2026-02-05,10.000262,0.00,0.00,0.00,0.00,0.00,6790527.70,1458002.35,6642756.83
CPTY_A,2026-03-05,10.076974,0.00,0.00,0.00,0.00,0.00,6790527.70,1446903.11,6643881.75
CPTY_A,2026-04-07,10.167385,0.00,0.00,0.00,0.00,0.00,6790527.70,1434036.88,6645185.76
CPTY_A,2026-05-05,10.244098,0.00,0.00,0.00,0.00,0.00,6790527.70,1423298.18,6646274.15
CPTY_A,2026-06-05,10.329029,0.00,0.00,0.00,0.00,0.00,6790527.70,1411594.96,6647460.29
CPTY_A,2026-07-06,10.413961,0.00,0.00,0.00,0.00,0.00,6790527.70,1400082.64,6648627.08
CPTY_A,2026-08-05,10.496152,0.00,0.00,0.00,0.00,0.00,6790527.70,1389119.07,6649738.26
CPTY_A,2026-09-08,10.589303,0.00,0.00,0.00,0.00,0.00,6790527.70,1376899.44,6650976.74
CPTY_A,2026-10-05,10.663276,0.00,0.00,0.00,0.00,0.00,6790527.70,1367347.70,6651944.82
CPTY_A,2026-11-05,10.748207,0.00,0.00,0.00,0.00,0.00,6790527.70,1356543.02,6653039.89
CPTY_A,2026-12-07,10.835878,0.00,0.00,0.00,0.00,0.00,6790527.70,1345567.46,6654152.28
CPTY_A,2027-01-05,10.915330,0.00,0.00,0.00,0.00,0.00,6790527.70,1335773.16,6655144.95
CPTY_A,2027-02-05,11.000262,0.00,0.00,0.00,0.00,0.00,6790527.70,1325459.84,6656190.22
CPTY_A,2027-03-05,11.076974,0.00,0.00,0.00,0.00,0.00,6790527.70,1316280.52,6657120.56
CPTY_A,2027-04-05,11.161906,0.00,0.00,0.00,0.00,0.00,6790527.70,1306264.87,6658135.66
CPTY_A,2027-05-05,11.244098,0.00,0.00,0.00,0.00,0.00,6790527.70,1296716.37,6659103.42
CPTY_A,2027-06-07,11.334509,0.00,0.00,0.00,0.00,0.00,6790527.70,1286372.97,6660151.74
CPTY_A,2027-07-06,11.413961,0.00,0.00,0.00,0.00,0.00,6790527.70,1277418.59,6661059.28
CPTY_A,2027-08-05,11.496152,0.00,0.00,0.00,0.00,0.00,6790527.70,1268285.68,6661984.91
CPTY_A,2027-09-07,11.586563,0.00,0.00,0.00,0.00,0.00,6790527.70,1258389.14,6662987.94
CPTY_A,2027-10-05,11.663276,0.00,0.00,0.00,0.00,0.00,6790527.70,1250112.39,6663826.81
CPTY_A,2027-11-05,11.748207,0.00,0.00,0.00,0.00,0.00,6790527.70,1241074.93,6664742.77
CPTY_A,2027-12-06,11.833139,0.00,0.00,0.00,0.00,0.00,6790527.70,1232167.21,6665645.58
CPTY_A,2028-01-05,11.915301,0.00,0.00,0.00,0.00,0.00,6790527.70,1223670.81,6666506.70
CPTY_A,2028-02-07,12.005464,0.00,0.00,0.00,0.00,0.00,6790527.70,1214480.75,6667438.13
CPTY_A,2028-03-06,12.081967,0.00,0.00,0.00,0.00,0.00,6790527.70,1206790.68,6668217.53
CPTY_A,2028-04-05,12.163934,0.00,0.00,0.00,0.00,0.00,6790527.70,1198658.67,6669041.72
CPTY_A,2028-05-05,12.245902,0.00,0.00,0.00,0.00,0.00,6790527.70,1190635.52,6669854.88
CPTY_A,2028-06-06,12.333333,0.00,0.00,0.00,0.00,0.00,6790527.70,1182195.04,6670710.34
CPTY_A,2028-07-05,12.412568,0.00,0.00,0.00,0.00,0.00,6790527.70,1174648.56,6671475.19
CPTY_A,2028-08-07,12.502732,0.00,0.00,0.00,0.00,0.00,6790527.70,1166177.54,6672333.74
CPTY_A,2028-09-05,12.581967,0.00,0.00,0.00,0.00,0.00,6790527.70,1158833.53,6673078.06
CPTY_A,2028-10-05,12.663934,0.00,0.00,0.00,0.00,0.00,6790527.70,1151332.99,6673838.26
CPTY_A,2028-11-06,12.751366,0.00,0.00,0.00,0.00,0.00,6790527.70,1143438.70,6674638.35
CPTY_A,2028-12-05,12.830601,0.00,0.00,0.00,0.00,0.00,6790527.70,1136377.43,6675354.03
CPTY_A,2029-01-05,12.915330,0.00,0.00,0.00,0.00,0.00,6790527.70,1128922.37,6676109.61
CPTY_A,2029-02-05,13.000262,0.00,0.00,0.00,0.00,0.00,6790527.70,1121547.05,6676857.11
CPTY_A,2029-03-05,13.076974,0.00,0.00,0.00,0.00,0.00,6790527.70,1114967.81,6677523.92
CPTY_A,2029-04-05,13.161906,0.00,0.00,0.00,0.00,0.00,6790527.70,1107773.12,6678253.12
CPTY_A,2029-05-08,13.252317,0.00,0.00,0.00,0.00,0.00,6790527.70,1100215.59,6679019.09
CPTY_A,2029-06-05,13.329029,0.00,0.00,0.00,0.00,0.00,6790527.70,1093883.53,6679660.85
CPTY_A,2029-07-05,13.411221,0.00,0.00,0.00,0.00,0.00,6790527.70,1087179.58,6680340.31
CPTY_A,2029-08-06,13.498892,0.00,0.00,0.00,0.00,0.00,6790527.70,1080118.67,6681055.94
CPTY_A,2029-09-05,13.581084,0.00,0.00,0.00,0.00,0.00,6790527.70,1073581.87,6681718.46
CPTY_A,2029-10-05,13.663276,0.00,0.00,0.00,0.00,0.00,6790527.70,1067123.71,6682373.00
CPTY_A,2029-11-05,13.748207,0.00,0.00,0.00,0.00,0.00,6790527.70,1060531.40,6683041.14
CPTY_A,2029-12-05,13.830399,0.00,0.00,0.00,0.00,0.00,6790527.70,1054228.84,6683679.92
CPTY_A,2030-01-07,13.920810,0.00,0.00,0.00,0.00,0.00,6790527.70,1047381.98,6684373.86
CPTY_A,2030-02-05,14.000262,0.00,0.00,0.00,0.00,0.00,6790527.70,1041438.04,6684976.28
CPTY_A,2030-03-05,14.076974,0.00,0.00,0.00,0.00,0.00,6790527.70,1035762.74,6685551.49
CPTY_A,2030-04-05,14.161906,0.00,0.00,0.00,0.00,0.00,6790527.70,1029551.08,6686181.05
CPTY_A,2030-05-07,14.249577,0.00,0.00,0.00,0.00,0.00,6790527.70,1023216.72,6686823.04
CPTY_A,2030-06-05,14.329029,0.00,0.00,0.00,0.00,0.00,6790527.70,1017543.15,6687398.07
CPTY_A,2030-07-05,14.411221,0.00,0.00,0.00,0.00,0.00,6790527.70,1011739.78,6687986.25
CPTY_A,2030-08-05,14.496152,0.00,0.00,0.00,0.00,0.00,6790527.70,1005812.10,6688587.03
CPTY_A,2030-09-05,14.581084,0.00,0.00,0.00,0.00,0.00,6790527.70,999953.47,6689180.81
CPTY_A,2030-10-07,14.668755,0.00,0.00,0.00,0.00,0.00,6790527.70,993977.02,6689786.54
CPTY_A,2030-11-05,14.748207,0.00,0.00,0.00,0.00,0.00,6790527.70,988622.23,6690329.25
CPTY_A,2030-12-05,14.830399,0.00,0.00,0.00,0.00,0.00,6790527.70,983143.17,6690884.56
CPTY_A,2031-01-06,14.918070,0.00,0.00,0.00,0.00,0.00,6790527.70,977365.39,6691470.15
CPTY_A,2031-02-05,15.000262,0.00,0.00,0.00,0.00,0.00,6790527.70,972010.05,6692012.92
CPTY_A,2031-03-05,15.076974,0.00,0.00,0.00,0.00,0.00,6790527.70,967064.42,6692514.17
CPTY_A,2031-04-07,15.167385,0.00,0.00,0.00,0.00,0.00,6790527.70,961299.87,6693098.42
CPTY_A,2031-05-06,15.246837,0.00,0.00,0.00,0.00,0.00,6790527.70,956290.49,6693606.13
CPTY_A,2031-06-05,15.329029,0.00,0.00,0.00,0.00,0.00,6790527.70,951163.01,6694125.80
CPTY_A,2031-07-07,15.416700,0.00,0.00,0.00,0.00,0.00,6790527.70,945753.96,6694674.02
CPTY_A,2031-08-05,15.496152,0.00,0.00,0.00,0.00,0.00,6790527.70,940904.88,6695165.48
CPTY_A,2031-09-05,15.581084,0.00,0.00,0.00,0.00,0.00,6790527.70,935776.07,6695685.29
CPTY_A,2031-10-06,15.666015,0.00,0.00,0.00,0.00,0.00,6790527.70,930702.87,6696199.47
CPTY_A,2031-11-05,15.748207,0.00,0.00,0.00,0.00,0.00,6790527.70,925845.42,6696691.78
CPTY_A,2031-12-05,15.830399,0.00,0.00,0.00,0.00,0.00,6790527.70,921038.41,6697178.98
CPTY_A,2032-01-05,15.915301,0.00,0.00,0.00,0.00,0.00,6790527.70,916125.05,6697676.96
CPTY_A,2032-02-05,16.000000,0.00,0.00,0.00,0.00,0.00,6790527.70,911275.34,6698168.48
CPTY_A,2032-03-05,16.079235,0.00,0.00,0.00,0.00,0.00,6790527.70,906784.78,6698623.61
CPTY_A,2032-04-05,16.163934,0.00,0.00,0.00,0.00,0.00,6790527.70,902033.20,6699105.19
CPTY_A,2032-05-05,16.245902,0.00,0.00,0.00,0.00,0.00,6790527.70,897482.07,6699566.45
CPTY_A,2032-06-07,16.336066,0.00,0.00,0.00,0.00,0.00,6790527.70,892528.58,6700068.50
CPTY_A,2032-07-06,16.415301,0.00,0.00,0.00,0.00,0.00,6790527.70,888220.44,6700505.13
CPTY_A,2032-08-05,16.497268,0.00,0.00,0.00,0.00,0.00,6790527.70,883807.29,6700952.41
CPTY_A,2032-09-07,16.587432,0.00,0.00,0.00,0.00,0.00,6790527.70,879003.20,6701439.32
CPTY_A,2032-10-05,16.663934,0.00,0.00,0.00,0.00,0.00,6790527.70,874967.77,6701848.31
CPTY_A,2032-11-05,16.748634,0.00,0.00,0.00,0.00,0.00,6790527.70,870542.97,6702296.77
CPTY_A,2032-12-06,16.833333,0.00,0.00,0.00,0.00,0.00,6790527.70,866162.70,6702740.72
CPTY_A,2033-01-05,16.915330,0.00,0.00,0.00,0.00,0.00,6790527.70,861963.97,6703166.27
CPTY_A,2033-02-07,17.005741,0.00,0.00,0.00,0.00,0.00,6790527.70,857381.34,6703630.72
CPTY_A,2033-03-07,17.082454,0.00,0.00,0.00,0.00,0.00,6790527.70,853531.09,6704020.95
CPTY_A,2033-04-05,17.161906,0.00,0.00,0.00,0.00,0.00,6790527.70,849579.62,6704421.44
CPTY_A,2033-05-05,17.244098,0.00,0.00,0.00,0.00,0.00,6790527.70,845530.21,6704831.86
CPTY_A,2033-06-07,17.334509,0.00,0.00,0.00,0.00,0.00,6790527.70,841120.21,6705278.82
CPTY_A,2033-07-05,17.411221,0.00,0.00,0.00,0.00,0.00,6790527.70,837414.31,6705654.42
CPTY_A,2033-08-05,17.496152,0.00,0.00,0.00,0.00,0.00,6790527.70,833349.25,6706066.42
CPTY_A,2033-09-06,17.583824,0.00,0.00,0.00,0.00,0.00,6790527.70,829194.25,6706487.53
CPTY_A,2033-10-05,17.663276,0.00,0.00,0.00,0.00,0.00,6790527.70,825464.41,6706865.56
CPTY_A,2033-11-07,17.753687,0.00,0.00,0.00,0.00,0.00,6790527.70,821260.72,6707291.61
CPTY_A,2033-12-05,17.830399,0.00,0.00,0.00,0.00,0.00,6790527.70,817727.38,6707649.72
CPTY_A,2034-01-05,17.915330,0.00,0.00,0.00,0.00,0.00,6790527.70,813850.77,6708042.62
CPTY_A,2034-02-06,18.003002,0.00,0.00,0.00,0.00,0.00,6790527.70,809887.47,6708444.31
CPTY_A,2034-03-06,18.079714,0.00,0.00,0.00,0.00,0.00,6790527.70,806451.11,6708792.59
CPTY_A,2034-04-05,18.161906,0.00,0.00,0.00,0.00,0.00,6790527.70,802801.51,6709162.48
CPTY_A,2034-05-05,18.244098,0.00,0.00,0.00,0.00,0.00,6790527.70,799184.80,6709529.04
CPTY_A,2034-06-05,18.329029,0.00,0.00,0.00,0.00,0.00,6790527.70,795481.60,6709904.36
CPTY_A,2034-07-05,18.411221,0.00,0.00,0.00,0.00,0.00,6790527.70,791930.40,6710264.28
CPTY_A,2034-08-07,18.501632,0.00,0.00,0.00,0.00,0.00,6790527.70,788060.51,6710656.50
CPTY_A,2034-09-05,18.581084,0.00,0.00,0.00,0.00,0.00,6790527.70,784690.79,6710998.03
CPTY_A,2034-10-05,18.663276,0.00,0.00,0.00,0.00,0.00,6790527.70,781235.07,6711348.27
CPTY_A,2034-11-06,18.750947,0.00,0.00,0.00,0.00,0.00,6790527.70,777582.36,6711718.48
CPTY_A,2034-12-05,18.830399,0.00,0.00,0.00,0.00,0.00,6790527.70,774301.46,6712051.00
CPTY_A,2035-01-05,18.915330,0.00,0.00,0.00,0.00,0.00,6790527.70,770824.78,6712403.37
CPTY_A,2035-02-05,19.000262,0.00,0.00,0.00,0.00,0.00,6790527.70,767379.18,6712752.59
CPTY_A,2035-03-05,19.076974,0.00,0.00,0.00,0.00,0.00,6790527.70,764293.40,6713065.34
CPTY_A,2035-04-05,19.161906,0.00,0.00,0.00,0.00,0.00,6790527.70,760905.81,6713408.67
CPTY_A,2035-05-08,19.252317,0.00,0.00,0.00,0.00,0.00,6790527.70,757332.51,6713770.83
CPTY_A,2035-06-05,19.329029,0.00,0.00,0.00,0.00,0.00,6790527.70,754326.84,6714075.46
CPTY_A,2035-07-05,19.411221,0.00,0.00,0.00,0.00,0.00,6790527.70,751132.84,6714399.18
CPTY_A,2035-08-06,19.498892,0.00,0.00,0.00,0.00,0.00,6790527.70,747755.58,6714741.47
CPTY_A,2035-09-05,19.581084,0.00,0.00,0.00,0.00,0.00,6790527.70,744616.87,6715059.58
CPTY_A,2035-10-05,19.663276,0.00,0.00,0.00,0.00,0.00,6790527.70,741504.40,6715375.04
CPTY_A,2035-11-05,19.748207,0.00,0.00,0.00,0.00,0.00,6790527.70,0.00,0.00
CPTY_A,2035-12-05,19.830399,0.00,0.00,0.00,0.00,0.00,6790527.70,0.00,0.00
CPTY_A,2036-01-07,19.920765,0.00,0.00,0.00,0.00,0.00,6790527.70,0.00,0.00
CPTY_A,2036-02-05,20.000000,0.00,0.00,0.00,0.00,0.00,6790527.70,0.00,0.00
CPTY_A,2036-03-05,20.079235,0.00,0.00,0.00,0.00,0.00,6790527.70,0.00,0.00
