#TradeId,Factor,Up/Down,Base NPV,ShiftSize_1,ShiftSize_2,Scenario NPV,Difference,Base Currency
EQ_CALL_SP5,DiscountCurve/USD/2/2Y,Up,117318.31,0.000100,#N/A,117294.82,-23.49,EUR
EQ_CALL_SP5,DiscountCurve/USD/2/2Y,Down,117318.31,0.000100,#N/A,117341.81,23.50,EUR
EQ_CALL_SP5,FXSpot/USDEUR/0/spot,Up,117318.31,0.008831,#N/A,118491.49,1173.18,EUR
EQ_CALL_SP5,FXSpot/USDEUR/0/spot,Down,117318.31,0.008831,#N/A,116145.13,-1173.18,EUR
EQ_CALL_SP5,EquitySpot/SP5/0/spot,Up,117318.31,21.475600,#N/A,124445.63,7127.32,EUR
EQ_CALL_SP5,EquitySpot/SP5/0/spot,Down,117318.31,21.475600,#N/A,110421.36,-6896.95,EUR
EQ_CALL_SP5,EquityVolatility/SP5/2/2Y/ATM,Up,117318.31,0.001712,#N/A,118665.05,1346.74,EUR
EQ_CALL_SP5,EquityVolatility/SP5/2/2Y/ATM,Down,117318.31,0.001712,#N/A,115971.55,-1346.76,EUR
EQ_PUT_SP5,DiscountCurve/USD/2/2Y,Up,-155558.62,0.000100,#N/A,-155527.47,31.15,EUR
EQ_PUT_SP5,DiscountCurve/USD/2/2Y,Down,-155558.62,0.000100,#N/A,-155589.78,-31.16,EUR
EQ_PUT_SP5,FXSpot/USDEUR/0/spot,Up,-155558.62,0.008831,#N/A,-157114.21,-1555.59,EUR
EQ_PUT_SP5,FXSpot/USDEUR/0/spot,Down,-155558.62,0.008831,#N/A,-154003.03,1555.59,EUR
EQ_PUT_SP5,EquitySpot/SP5/0/spot,Up,-155558.62,21.475600,#N/A,-148753.88,6804.74,EUR
EQ_PUT_SP5,EquitySpot/SP5/0/spot,Down,-155558.62,21.475600,#N/A,-162593.73,-7035.11,EUR
EQ_PUT_SP5,EquityVolatility/SP5/2/2Y/ATM,Up,-155558.62,0.001712,#N/A,-156905.36,-1346.74,EUR
EQ_PUT_SP5,EquityVolatility/SP5/2/2Y/ATM,Down,-155558.62,0.001712,#N/A,-154211.86,1346.76,EUR
FX_CALL_OPTION,DiscountCurve/EUR/6/10Y,Up,302749.85,0.000100,#N/A,302048.04,-701.81,EUR
FX_CALL_OPTION,DiscountCurve/EUR/7/15Y,Up,302749.85,0.000100,#N/A,302735.82,-14.03,EUR
FX_CALL_OPTION,DiscountCurve/USD/6/10Y,Up,302749.85,0.000100,#N/A,303153.31,403.46,EUR
FX_CALL_OPTION,DiscountCurve/USD/7/15Y,Up,302749.85,0.000100,#N/A,302757.91,8.06,EUR
FX_CALL_OPTION,DiscountCurve/EUR/6/10Y,Down,302749.85,0.000100,#N/A,303452.87,703.02,EUR
FX_CALL_OPTION,DiscountCurve/EUR/7/15Y,Down,302749.85,0.000100,#N/A,302763.88,14.03,EUR
FX_CALL_OPTION,DiscountCurve/USD/6/10Y,Down,302749.85,0.000100,#N/A,302346.51,-403.34,EUR
FX_CALL_OPTION,DiscountCurve/USD/7/15Y,Down,302749.85,0.000100,#N/A,302741.79,-8.06,EUR
FX_CALL_OPTION,FXSpot/USDEUR/0/spot,Up,302749.85,0.008831,#N/A,298691.82,-4058.03,EUR
FX_CALL_OPTION,FXSpot/USDEUR/0/spot,Down,302749.85,0.008831,#N/A,306860.78,4110.93,EUR
FX_CALL_OPTION,FXVolatility/USDEUR/3/5Y/ATM,Up,302749.85,0.001459,#N/A,304576.48,1826.63,EUR
FX_CALL_OPTION,FXVolatility/USDEUR/3/5Y/ATM,Down,302749.85,0.001459,#N/A,300923.91,-1825.94,EUR
FX_CALL_OPTION,DiscountCurve/EUR/0/6M:DiscountCurve/EUR/6/10Y,Cross,302749.85,0.000100,0.000100,302048.04,-701.81,EUR
FX_CALL_OPTION,DiscountCurve/EUR/0/6M:DiscountCurve/EUR/7/15Y,Cross,302749.85,0.000100,0.000100,302735.82,-14.03,EUR
FX_CALL_OPTION,DiscountCurve/EUR/1/1Y:DiscountCurve/EUR/6/10Y,Cross,302749.85,0.000100,0.000100,302048.04,-701.81,EUR
FX_CALL_OPTION,DiscountCurve/EUR/1/1Y:DiscountCurve/EUR/7/15Y,Cross,302749.85,0.000100,0.000100,302735.82,-14.03,EUR
FX_CALL_OPTION,DiscountCurve/EUR/2/2Y:DiscountCurve/EUR/6/10Y,Cross,302749.85,0.000100,0.000100,302048.04,-701.81,EUR
FX_CALL_OPTION,DiscountCurve/EUR/2/2Y:DiscountCurve/EUR/7/15Y,Cross,302749.85,0.000100,0.000100,302735.82,-14.03,EUR
FX_CALL_OPTION,DiscountCurve/EUR/3/3Y:DiscountCurve/EUR/6/10Y,Cross,302749.85,0.000100,0.000100,302048.04,-701.81,EUR
FX_CALL_OPTION,DiscountCurve/EUR/3/3Y:DiscountCurve/EUR/7/15Y,Cross,302749.85,0.000100,0.000100,302735.82,-14.03,EUR
FX_CALL_OPTION,DiscountCurve/EUR/4/5Y:DiscountCurve/EUR/6/10Y,Cross,302749.85,0.000100,0.000100,302048.04,-701.81,EUR
FX_CALL_OPTION,DiscountCurve/EUR/4/5Y:DiscountCurve/EUR/7/15Y,Cross,302749.85,0.000100,0.000100,302735.82,-14.03,EUR
FX_CALL_OPTION,DiscountCurve/EUR/5/7Y:DiscountCurve/EUR/6/10Y,Cross,302749.85,0.000100,0.000100,302048.04,-701.81,EUR
FX_CALL_OPTION,DiscountCurve/EUR/5/7Y:DiscountCurve/EUR/7/15Y,Cross,302749.85,0.000100,0.000100,302735.82,-14.03,EUR
FX_CALL_OPTION,DiscountCurve/EUR/6/10Y:DiscountCurve/EUR/7/15Y,Cross,302749.85,0.000100,0.000100,302034.03,-715.82,EUR
FX_CALL_OPTION,DiscountCurve/EUR/6/10Y:DiscountCurve/EUR/8/20Y,Cross,302749.85,0.000100,0.000100,302048.04,-701.81,EUR
FX_CALL_OPTION,DiscountCurve/EUR/6/10Y:IndexCurve/EUR-EONIA/0/6M,Cross,302749.85,0.000100,0.000100,302048.04,-701.81,EUR
FX_CALL_OPTION,DiscountCurve/EUR/6/10Y:IndexCurve/EUR-EONIA/1/1Y,Cross,302749.85,0.000100,0.000100,302048.04,-701.81,EUR
FX_CALL_OPTION,DiscountCurve/EUR/6/10Y:IndexCurve/EUR-EONIA/2/2Y,Cross,302749.85,0.000100,0.000100,302048.04,-701.81,EUR
FX_CALL_OPTION,DiscountCurve/EUR/6/10Y:IndexCurve/EUR-EONIA/3/3Y,Cross,302749.85,0.000100,0.000100,302048.04,-701.81,EUR
FX_CALL_OPTION,DiscountCurve/EUR/6/10Y:IndexCurve/EUR-EONIA/4/5Y,Cross,302749.85,0.000100,0.000100,302048.04,-701.81,EUR
FX_CALL_OPTION,DiscountCurve/EUR/6/10Y:IndexCurve/EUR-EONIA/5/7Y,Cross,302749.85,0.000100,0.000100,302048.04,-701.81,EUR
FX_CALL_OPTION,DiscountCurve/EUR/6/10Y:IndexCurve/EUR-EONIA/6/10Y,Cross,302749.85,0.000100,0.000100,302048.04,-701.81,EUR
FX_CALL_OPTION,DiscountCurve/EUR/6/10Y:IndexCurve/EUR-EONIA/7/15Y,Cross,302749.85,0.000100,0.000100,302048.04,-701.81,EUR
FX_CALL_OPTION,DiscountCurve/EUR/6/10Y:IndexCurve/EUR-EONIA/8/20Y,Cross,302749.85,0.000100,0.000100,302048.04,-701.81,EUR
FX_CALL_OPTION,DiscountCurve/EUR/6/10Y:IndexCurve/EUR-EURIBOR-3M/0/6M,Cross,302749.85,0.000100,0.000100,302048.04,-701.81,EUR
FX_CALL_OPTION,DiscountCurve/EUR/6/10Y:IndexCurve/EUR-EURIBOR-3M/1/1Y,Cross,302749.85,0.000100,0.000100,302048.04,-701.81,EUR
FX_CALL_OPTION,DiscountCurve/EUR/6/10Y:IndexCurve/EUR-EURIBOR-3M/2/2Y,Cross,302749.85,0.000100,0.000100,302048.04,-701.81,EUR
FX_CALL_OPTION,DiscountCurve/EUR/6/10Y:IndexCurve/EUR-EURIBOR-3M/3/3Y,Cross,302749.85,0.000100,0.000100,302048.04,-701.81,EUR
FX_CALL_OPTION,DiscountCurve/EUR/6/10Y:IndexCurve/EUR-EURIBOR-3M/4/5Y,Cross,302749.85,0.000100,0.000100,302048.04,-701.81,EUR
FX_CALL_OPTION,DiscountCurve/EUR/6/10Y:IndexCurve/EUR-EURIBOR-3M/5/7Y,Cross,302749.85,0.000100,0.000100,302048.04,-701.81,EUR
FX_CALL_OPTION,DiscountCurve/EUR/6/10Y:IndexCurve/EUR-EURIBOR-3M/6/10Y,Cross,302749.85,0.000100,0.000100,302048.04,-701.81,EUR
FX_CALL_OPTION,DiscountCurve/EUR/6/10Y:IndexCurve/EUR-EURIBOR-3M/7/15Y,Cross,302749.85,0.000100,0.000100,302048.04,-701.81,EUR
FX_CALL_OPTION,DiscountCurve/EUR/6/10Y:IndexCurve/EUR-EURIBOR-3M/8/20Y,Cross,302749.85,0.000100,0.000100,302048.04,-701.81,EUR
FX_CALL_OPTION,DiscountCurve/EUR/6/10Y:IndexCurve/EUR-EURIBOR-6M/0/6M,Cross,302749.85,0.000100,0.000100,302048.04,-701.81,EUR
FX_CALL_OPTION,DiscountCurve/EUR/6/10Y:IndexCurve/EUR-EURIBOR-6M/1/1Y,Cross,302749.85,0.000100,0.000100,302048.04,-701.81,EUR
FX_CALL_OPTION,DiscountCurve/EUR/6/10Y:IndexCurve/EUR-EURIBOR-6M/2/2Y,Cross,302749.85,0.000100,0.000100,302048.04,-701.81,EUR
FX_CALL_OPTION,DiscountCurve/EUR/6/10Y:IndexCurve/EUR-EURIBOR-6M/3/3Y,Cross,302749.85,0.000100,0.000100,302048.04,-701.81,EUR
FX_CALL_OPTION,DiscountCurve/EUR/6/10Y:IndexCurve/EUR-EURIBOR-6M/4/5Y,Cross,302749.85,0.000100,0.000100,302048.04,-701.81,EUR
FX_CALL_OPTION,DiscountCurve/EUR/6/10Y:IndexCurve/EUR-EURIBOR-6M/5/7Y,Cross,302749.85,0.000100,0.000100,302048.04,-701.81,EUR
FX_CALL_OPTION,DiscountCurve/EUR/6/10Y:IndexCurve/EUR-EURIBOR-6M/6/10Y,Cross,302749.85,0.000100,0.000100,302048.04,-701.81,EUR
FX_CALL_OPTION,DiscountCurve/EUR/6/10Y:IndexCurve/EUR-EURIBOR-6M/7/15Y,Cross,302749.85,0.000100,0.000100,302048.04,-701.81,EUR
FX_CALL_OPTION,DiscountCurve/EUR/6/10Y:IndexCurve/EUR-EURIBOR-6M/8/20Y,Cross,302749.85,0.000100,0.000100,302048.04,-701.81,EUR
FX_CALL_OPTION,DiscountCurve/EUR/7/15Y:DiscountCurve/EUR/8/20Y,Cross,302749.85,0.000100,0.000100,302735.82,-14.03,EUR
FX_CALL_OPTION,DiscountCurve/EUR/7/15Y:IndexCurve/EUR-EONIA/0/6M,Cross,302749.85,0.000100,0.000100,302735.82,-14.03,EUR
FX_CALL_OPTION,DiscountCurve/EUR/7/15Y:IndexCurve/EUR-EONIA/1/1Y,Cross,302749.85,0.000100,0.000100,302735.82,-14.03,EUR
FX_CALL_OPTION,DiscountCurve/EUR/7/15Y:IndexCurve/EUR-EONIA/2/2Y,Cross,302749.85,0.000100,0.000100,302735.82,-14.03,EUR
FX_CALL_OPTION,DiscountCurve/EUR/7/15Y:IndexCurve/EUR-EONIA/3/3Y,Cross,302749.85,0.000100,0.000100,302735.82,-14.03,EUR
FX_CALL_OPTION,DiscountCurve/EUR/7/15Y:IndexCurve/EUR-EONIA/4/5Y,Cross,302749.85,0.000100,0.000100,302735.82,-14.03,EUR
FX_CALL_OPTION,DiscountCurve/EUR/7/15Y:IndexCurve/EUR-EONIA/5/7Y,Cross,302749.85,0.000100,0.000100,302735.82,-14.03,EUR
FX_CALL_OPTION,DiscountCurve/EUR/7/15Y:IndexCurve/EUR-EONIA/6/10Y,Cross,302749.85,0.000100,0.000100,302735.82,-14.03,EUR
FX_CALL_OPTION,DiscountCurve/EUR/7/15Y:IndexCurve/EUR-EONIA/7/15Y,Cross,302749.85,0.000100,0.000100,302735.82,-14.03,EUR
FX_CALL_OPTION,DiscountCurve/EUR/7/15Y:IndexCurve/EUR-EONIA/8/20Y,Cross,302749.85,0.000100,0.000100,302735.82,-14.03,EUR
FX_CALL_OPTION,DiscountCurve/EUR/7/15Y:IndexCurve/EUR-EURIBOR-3M/0/6M,Cross,302749.85,0.000100,0.000100,302735.82,-14.03,EUR
FX_CALL_OPTION,DiscountCurve/EUR/7/15Y:IndexCurve/EUR-EURIBOR-3M/1/1Y,Cross,302749.85,0.000100,0.000100,302735.82,-14.03,EUR
FX_CALL_OPTION,DiscountCurve/EUR/7/15Y:IndexCurve/EUR-EURIBOR-3M/2/2Y,Cross,302749.85,0.000100,0.000100,302735.82,-14.03,EUR
FX_CALL_OPTION,DiscountCurve/EUR/7/15Y:IndexCurve/EUR-EURIBOR-3M/3/3Y,Cross,302749.85,0.000100,0.000100,302735.82,-14.03,EUR
FX_CALL_OPTION,DiscountCurve/EUR/7/15Y:IndexCurve/EUR-EURIBOR-3M/4/5Y,Cross,302749.85,0.000100,0.000100,302735.82,-14.03,EUR
FX_CALL_OPTION,DiscountCurve/EUR/7/15Y:IndexCurve/EUR-EURIBOR-3M/5/7Y,Cross,302749.85,0.000100,0.000100,302735.82,-14.03,EUR
FX_CALL_OPTION,DiscountCurve/EUR/7/15Y:IndexCurve/EUR-EURIBOR-3M/6/10Y,Cross,302749.85,0.000100,0.000100,302735.82,-14.03,EUR
FX_CALL_OPTION,DiscountCurve/EUR/7/15Y:IndexCurve/EUR-EURIBOR-3M/7/15Y,Cross,302749.85,0.000100,0.000100,302735.82,-14.03,EUR
FX_CALL_OPTION,DiscountCurve/EUR/7/15Y:IndexCurve/EUR-EURIBOR-3M/8/20Y,Cross,302749.85,0.000100,0.000100,302735.82,-14.03,EUR
FX_CALL_OPTION,DiscountCurve/EUR/7/15Y:IndexCurve/EUR-EURIBOR-6M/0/6M,Cross,302749.85,0.000100,0.000100,302735.82,-14.03,EUR
FX_CALL_OPTION,DiscountCurve/EUR/7/15Y:IndexCurve/EUR-EURIBOR-6M/1/1Y,Cross,302749.85,0.000100,0.000100,302735.82,-14.03,EUR
FX_CALL_OPTION,DiscountCurve/EUR/7/15Y:IndexCurve/EUR-EURIBOR-6M/2/2Y,Cross,302749.85,0.000100,0.000100,302735.82,-14.03,EUR
FX_CALL_OPTION,DiscountCurve/EUR/7/15Y:IndexCurve/EUR-EURIBOR-6M/3/3Y,Cross,302749.85,0.000100,0.000100,302735.82,-14.03,EUR
FX_CALL_OPTION,DiscountCurve/EUR/7/15Y:IndexCurve/EUR-EURIBOR-6M/4/5Y,Cross,302749.85,0.000100,0.000100,302735.82,-14.03,EUR
FX_CALL_OPTION,DiscountCurve/EUR/7/15Y:IndexCurve/EUR-EURIBOR-6M/5/7Y,Cross,302749.85,0.000100,0.000100,302735.82,-14.03,EUR
FX_CALL_OPTION,DiscountCurve/EUR/7/15Y:IndexCurve/EUR-EURIBOR-6M/6/10Y,Cross,302749.85,0.000100,0.000100,302735.82,-14.03,EUR
FX_CALL_OPTION,DiscountCurve/EUR/7/15Y:IndexCurve/EUR-EURIBOR-6M/7/15Y,Cross,302749.85,0.000100,0.000100,302735.82,-14.03,EUR
FX_CALL_OPTION,DiscountCurve/EUR/7/15Y:IndexCurve/EUR-EURIBOR-6M/8/20Y,Cross,302749.85,0.000100,0.000100,302735.82,-14.03,EUR
Swaption_CALL,DiscountCurve/EUR/1/1Y,Up,417384.56,0.000100,#N/A,417345.39,-39.16,EUR
Swaption_CALL,DiscountCurve/EUR/2/2Y,Up,417384.56,0.000100,#N/A,417369.51,-15.05,EUR
Swaption_CALL,DiscountCurve/EUR/3/3Y,Up,417384.56,0.000100,#N/A,417366.42,-18.14,EUR
Swaption_CALL,DiscountCurve/EUR/4/5Y,Up,417384.56,0.000100,#N/A,417359.57,-24.98,EUR
Swaption_CALL,DiscountCurve/EUR/5/7Y,Up,417384.56,0.000100,#N/A,417384.30,-0.26,EUR
Swaption_CALL,DiscountCurve/EUR/6/10Y,Up,417384.56,0.000100,#N/A,417442.88,58.32,EUR
Swaption_CALL,DiscountCurve/EUR/7/15Y,Up,417384.56,0.000100,#N/A,417497.83,113.27,EUR
Swaption_CALL,DiscountCurve/EUR/8/20Y,Up,417384.56,0.000100,#N/A,417435.13,50.57,EUR
Swaption_CALL,DiscountCurve/EUR/1/1Y,Down,417384.56,0.000100,#N/A,417423.72,39.17,EUR
Swaption_CALL,DiscountCurve/EUR/2/2Y,Down,417384.56,0.000100,#N/A,417399.60,15.05,EUR
Swaption_CALL,DiscountCurve/EUR/3/3Y,Down,417384.56,0.000100,#N/A,417402.70,18.14,EUR
Swaption_CALL,DiscountCurve/EUR/4/5Y,Down,417384.56,0.000100,#N/A,417409.55,24.99,EUR
Swaption_CALL,DiscountCurve/EUR/5/7Y,Down,417384.56,0.000100,#N/A,417384.82,0.26,EUR
Swaption_CALL,DiscountCurve/EUR/6/10Y,Down,417384.56,0.000100,#N/A,417326.23,-58.33,EUR
Swaption_CALL,DiscountCurve/EUR/7/15Y,Down,417384.56,0.000100,#N/A,417271.28,-113.28,EUR
Swaption_CALL,DiscountCurve/EUR/8/20Y,Down,417384.56,0.000100,#N/A,417333.96,-50.59,EUR
Swaption_CALL,IndexCurve/EUR-EURIBOR-6M/1/1Y,Up,417384.56,0.000100,#N/A,417769.80,385.24,EUR
Swaption_CALL,IndexCurve/EUR-EURIBOR-6M/2/2Y,Up,417384.56,0.000100,#N/A,417441.24,56.68,EUR
Swaption_CALL,IndexCurve/EUR-EURIBOR-6M/3/3Y,Up,417384.56,0.000100,#N/A,417386.93,2.37,EUR
Swaption_CALL,IndexCurve/EUR-EURIBOR-6M/4/5Y,Up,417384.56,0.000100,#N/A,417373.16,-11.40,EUR
Swaption_CALL,IndexCurve/EUR-EURIBOR-6M/5/7Y,Up,417384.56,0.000100,#N/A,417318.72,-65.83,EUR
Swaption_CALL,IndexCurve/EUR-EURIBOR-6M/6/10Y,Up,417384.56,0.000100,#N/A,417167.58,-216.98,EUR
Swaption_CALL,IndexCurve/EUR-EURIBOR-6M/7/15Y,Up,417384.56,0.000100,#N/A,417056.09,-328.47,EUR
Swaption_CALL,IndexCurve/EUR-EURIBOR-6M/8/20Y,Up,417384.56,0.000100,#N/A,410259.30,-7125.25,EUR
Swaption_CALL,IndexCurve/EUR-EURIBOR-6M/1/1Y,Down,417384.56,0.000100,#N/A,416999.55,-385.00,EUR
Swaption_CALL,IndexCurve/EUR-EURIBOR-6M/2/2Y,Down,417384.56,0.000100,#N/A,417327.74,-56.81,EUR
Swaption_CALL,IndexCurve/EUR-EURIBOR-6M/3/3Y,Down,417384.56,0.000100,#N/A,417381.94,-2.62,EUR
Swaption_CALL,IndexCurve/EUR-EURIBOR-6M/4/5Y,Down,417384.56,0.000100,#N/A,417395.48,10.93,EUR
Swaption_CALL,IndexCurve/EUR-EURIBOR-6M/5/7Y,Down,417384.56,0.000100,#N/A,417449.62,65.07,EUR
Swaption_CALL,IndexCurve/EUR-EURIBOR-6M/6/10Y,Down,417384.56,0.000100,#N/A,417600.61,216.06,EUR
Swaption_CALL,IndexCurve/EUR-EURIBOR-6M/7/15Y,Down,417384.56,0.000100,#N/A,417711.59,327.04,EUR
Swaption_CALL,IndexCurve/EUR-EURIBOR-6M/8/20Y,Down,417384.56,0.000100,#N/A,424597.06,7212.50,EUR
Swaption_CALL,SwaptionVolatility/EUR/2/1Y/10Y/ATM,Up,417384.56,0.000000,#N/A,422630.23,5245.67,EUR
Swaption_CALL,SwaptionVolatility/EUR/5/5Y/10Y/ATM,Up,417384.56,0.000000,#N/A,417467.21,82.66,EUR
Swaption_CALL,SwaptionVolatility/EUR/2/1Y/10Y/ATM,Down,417384.56,0.000000,#N/A,412141.70,-5242.86,EUR
Swaption_CALL,SwaptionVolatility/EUR/5/5Y/10Y/ATM,Down,417384.56,0.000000,#N/A,417301.90,-82.66,EUR
Swaption_CALL,DiscountCurve/EUR/0/6M:DiscountCurve/EUR/1/1Y,Cross,417384.56,0.000100,0.000100,417345.39,-39.16,EUR
Swaption_CALL,DiscountCurve/EUR/0/6M:DiscountCurve/EUR/2/2Y,Cross,417384.56,0.000100,0.000100,417369.51,-15.05,EUR
Swaption_CALL,DiscountCurve/EUR/0/6M:DiscountCurve/EUR/3/3Y,Cross,417384.56,0.000100,0.000100,417366.42,-18.14,EUR
Swaption_CALL,DiscountCurve/EUR/0/6M:DiscountCurve/EUR/4/5Y,Cross,417384.56,0.000100,0.000100,417359.57,-24.98,EUR
Swaption_CALL,DiscountCurve/EUR/0/6M:DiscountCurve/EUR/5/7Y,Cross,417384.56,0.000100,0.000100,417384.30,-0.26,EUR
Swaption_CALL,DiscountCurve/EUR/0/6M:DiscountCurve/EUR/6/10Y,Cross,417384.56,0.000100,0.000100,417442.88,58.32,EUR
Swaption_CALL,DiscountCurve/EUR/0/6M:DiscountCurve/EUR/7/15Y,Cross,417384.56,0.000100,0.000100,417497.83,113.27,EUR
Swaption_CALL,DiscountCurve/EUR/0/6M:DiscountCurve/EUR/8/20Y,Cross,417384.56,0.000100,0.000100,417435.13,50.57,EUR
Swaption_CALL,DiscountCurve/EUR/0/6M:IndexCurve/EUR-EURIBOR-6M/1/1Y,Cross,417384.56,0.000100,0.000100,417769.80,385.24,EUR
Swaption_CALL,DiscountCurve/EUR/0/6M:IndexCurve/EUR-EURIBOR-6M/2/2Y,Cross,417384.56,0.000100,0.000100,417441.24,56.68,EUR
Swaption_CALL,DiscountCurve/EUR/0/6M:IndexCurve/EUR-EURIBOR-6M/3/3Y,Cross,417384.56,0.000100,0.000100,417386.93,2.37,EUR
Swaption_CALL,DiscountCurve/EUR/0/6M:IndexCurve/EUR-EURIBOR-6M/4/5Y,Cross,417384.56,0.000100,0.000100,417373.16,-11.40,EUR
Swaption_CALL,DiscountCurve/EUR/0/6M:IndexCurve/EUR-EURIBOR-6M/5/7Y,Cross,417384.56,0.000100,0.000100,417318.72,-65.83,EUR
Swaption_CALL,DiscountCurve/EUR/0/6M:IndexCurve/EUR-EURIBOR-6M/6/10Y,Cross,417384.56,0.000100,0.000100,417167.58,-216.98,EUR
Swaption_CALL,DiscountCurve/EUR/0/6M:IndexCurve/EUR-EURIBOR-6M/7/15Y,Cross,417384.56,0.000100,0.000100,417056.09,-328.47,EUR
Swaption_CALL,DiscountCurve/EUR/0/6M:IndexCurve/EUR-EURIBOR-6M/8/20Y,Cross,417384.56,0.000100,0.000100,410259.30,-7125.25,EUR
Swaption_CALL,DiscountCurve/EUR/1/1Y:DiscountCurve/EUR/2/2Y,Cross,417384.56,0.000100,0.000100,417330.35,-54.21,EUR
Swaption_CALL,DiscountCurve/EUR/1/1Y:DiscountCurve/EUR/3/3Y,Cross,417384.56,0.000100,0.000100,417327.26,-57.30,EUR
Swaption_CALL,DiscountCurve/EUR/1/1Y:DiscountCurve/EUR/4/5Y,Cross,417384.56,0.000100,0.000100,417320.41,-64.14,EUR
Swaption_CALL,DiscountCurve/EUR/1/1Y:DiscountCurve/EUR/5/7Y,Cross,417384.56,0.000100,0.000100,417345.14,-39.42,EUR
Swaption_CALL,DiscountCurve/EUR/1/1Y:DiscountCurve/EUR/6/10Y,Cross,417384.56,0.000100,0.000100,417403.71,19.16,EUR
Swaption_CALL,DiscountCurve/EUR/1/1Y:DiscountCurve/EUR/7/15Y,Cross,417384.56,0.000100,0.000100,417458.66,74.10,EUR
Swaption_CALL,DiscountCurve/EUR/1/1Y:DiscountCurve/EUR/8/20Y,Cross,417384.56,0.000100,0.000100,417395.96,11.41,EUR
Swaption_CALL,DiscountCurve/EUR/1/1Y:IndexCurve/EUR-EONIA/0/6M,Cross,417384.56,0.000100,0.000100,417345.39,-39.16,EUR
Swaption_CALL,DiscountCurve/EUR/1/1Y:IndexCurve/EUR-EONIA/1/1Y,Cross,417384.56,0.000100,0.000100,417345.39,-39.16,EUR
Swaption_CALL,DiscountCurve/EUR/1/1Y:IndexCurve/EUR-EONIA/2/2Y,Cross,417384.56,0.000100,0.000100,417345.39,-39.16,EUR
Swaption_CALL,DiscountCurve/EUR/1/1Y:IndexCurve/EUR-EONIA/3/3Y,Cross,417384.56,0.000100,0.000100,417345.39,-39.16,EUR
Swaption_CALL,DiscountCurve/EUR/1/1Y:IndexCurve/EUR-EONIA/4/5Y,Cross,417384.56,0.000100,0.000100,417345.39,-39.16,EUR
Swaption_CALL,DiscountCurve/EUR/1/1Y:IndexCurve/EUR-EONIA/5/7Y,Cross,417384.56,0.000100,0.000100,417345.39,-39.16,EUR
Swaption_CALL,DiscountCurve/EUR/1/1Y:IndexCurve/EUR-EONIA/6/10Y,Cross,417384.56,0.000100,0.000100,417345.39,-39.16,EUR
Swaption_CALL,DiscountCurve/EUR/1/1Y:IndexCurve/EUR-EONIA/7/15Y,Cross,417384.56,0.000100,0.000100,417345.39,-39.16,EUR
Swaption_CALL,DiscountCurve/EUR/1/1Y:IndexCurve/EUR-EONIA/8/20Y,Cross,417384.56,0.000100,0.000100,417345.39,-39.16,EUR
Swaption_CALL,DiscountCurve/EUR/1/1Y:IndexCurve/EUR-EURIBOR-3M/0/6M,Cross,417384.56,0.000100,0.000100,417345.39,-39.16,EUR
Swaption_CALL,DiscountCurve/EUR/1/1Y:IndexCurve/EUR-EURIBOR-3M/1/1Y,Cross,417384.56,0.000100,0.000100,417345.39,-39.16,EUR
Swaption_CALL,DiscountCurve/EUR/1/1Y:IndexCurve/EUR-EURIBOR-3M/2/2Y,Cross,417384.56,0.000100,0.000100,417345.39,-39.16,EUR
Swaption_CALL,DiscountCurve/EUR/1/1Y:IndexCurve/EUR-EURIBOR-3M/3/3Y,Cross,417384.56,0.000100,0.000100,417345.39,-39.16,EUR
Swaption_CALL,DiscountCurve/EUR/1/1Y:IndexCurve/EUR-EURIBOR-3M/4/5Y,Cross,417384.56,0.000100,0.000100,417345.39,-39.16,EUR
Swaption_CALL,DiscountCurve/EUR/1/1Y:IndexCurve/EUR-EURIBOR-3M/5/7Y,Cross,417384.56,0.000100,0.000100,417345.39,-39.16,EUR
Swaption_CALL,DiscountCurve/EUR/1/1Y:IndexCurve/EUR-EURIBOR-3M/6/10Y,Cross,417384.56,0.000100,0.000100,417345.39,-39.16,EUR
Swaption_CALL,DiscountCurve/EUR/1/1Y:IndexCurve/EUR-EURIBOR-3M/7/15Y,Cross,417384.56,0.000100,0.000100,417345.39,-39.16,EUR
Swaption_CALL,DiscountCurve/EUR/1/1Y:IndexCurve/EUR-EURIBOR-3M/8/20Y,Cross,417384.56,0.000100,0.000100,417345.39,-39.16,EUR
Swaption_CALL,DiscountCurve/EUR/1/1Y:IndexCurve/EUR-EURIBOR-6M/0/6M,Cross,417384.56,0.000100,0.000100,417345.39,-39.16,EUR
Swaption_CALL,DiscountCurve/EUR/1/1Y:IndexCurve/EUR-EURIBOR-6M/1/1Y,Cross,417384.56,0.000100,0.000100,417730.59,346.03,EUR
Swaption_CALL,DiscountCurve/EUR/1/1Y:IndexCurve/EUR-EURIBOR-6M/2/2Y,Cross,417384.56,0.000100,0.000100,417402.09,17.53,EUR
Swaption_CALL,DiscountCurve/EUR/1/1Y:IndexCurve/EUR-EURIBOR-6M/3/3Y,Cross,417384.56,0.000100,0.000100,417347.77,-36.79,EUR
Swaption_CALL,DiscountCurve/EUR/1/1Y:IndexCurve/EUR-EURIBOR-6M/4/5Y,Cross,417384.56,0.000100,0.000100,417334.00,-50.56,EUR
Swaption_CALL,DiscountCurve/EUR/1/1Y:IndexCurve/EUR-EURIBOR-6M/5/7Y,Cross,417384.56,0.000100,0.000100,417279.57,-104.99,EUR
Swaption_CALL,DiscountCurve/EUR/1/1Y:IndexCurve/EUR-EURIBOR-6M/6/10Y,Cross,417384.56,0.000100,0.000100,417128.44,-256.12,EUR
Swaption_CALL,DiscountCurve/EUR/1/1Y:IndexCurve/EUR-EURIBOR-6M/7/15Y,Cross,417384.56,0.000100,0.000100,417016.96,-367.60,EUR
Swaption_CALL,DiscountCurve/EUR/1/1Y:IndexCurve/EUR-EURIBOR-6M/8/20Y,Cross,417384.56,0.000100,0.000100,410220.81,-7163.75,EUR
Swaption_CALL,DiscountCurve/EUR/2/2Y:DiscountCurve/EUR/3/3Y,Cross,417384.56,0.000100,0.000100,417351.37,-33.18,EUR
Swaption_CALL,DiscountCurve/EUR/2/2Y:DiscountCurve/EUR/4/5Y,Cross,417384.56,0.000100,0.000100,417344.52,-40.03,EUR
Swaption_CALL,DiscountCurve/EUR/2/2Y:DiscountCurve/EUR/5/7Y,Cross,417384.56,0.000100,0.000100,417369.25,-15.31,EUR
Swaption_CALL,DiscountCurve/EUR/2/2Y:DiscountCurve/EUR/6/10Y,Cross,417384.56,0.000100,0.000100,417427.83,43.27,EUR
Swaption_CALL,DiscountCurve/EUR/2/2Y:DiscountCurve/EUR/7/15Y,Cross,417384.56,0.000100,0.000100,417482.78,98.22,EUR
Swaption_CALL,DiscountCurve/EUR/2/2Y:DiscountCurve/EUR/8/20Y,Cross,417384.56,0.000100,0.000100,417420.08,35.52,EUR
Swaption_CALL,DiscountCurve/EUR/2/2Y:IndexCurve/EUR-EONIA/0/6M,Cross,417384.56,0.000100,0.000100,417369.51,-15.05,EUR
Swaption_CALL,DiscountCurve/EUR/2/2Y:IndexCurve/EUR-EONIA/1/1Y,Cross,417384.56,0.000100,0.000100,417369.51,-15.05,EUR
Swaption_CALL,DiscountCurve/EUR/2/2Y:IndexCurve/EUR-EONIA/2/2Y,Cross,417384.56,0.000100,0.000100,417369.51,-15.05,EUR
Swaption_CALL,DiscountCurve/EUR/2/2Y:IndexCurve/EUR-EONIA/3/3Y,Cross,417384.56,0.000100,0.000100,417369.51,-15.05,EUR
Swaption_CALL,DiscountCurve/EUR/2/2Y:IndexCurve/EUR-EONIA/4/5Y,Cross,417384.56,0.000100,0.000100,417369.51,-15.05,EUR
Swaption_CALL,DiscountCurve/EUR/2/2Y:IndexCurve/EUR-EONIA/5/7Y,Cross,417384.56,0.000100,0.000100,417369.51,-15.05,EUR
Swaption_CALL,DiscountCurve/EUR/2/2Y:IndexCurve/EUR-EONIA/6/10Y,Cross,417384.56,0.000100,0.000100,417369.51,-15.05,EUR
Swaption_CALL,DiscountCurve/EUR/2/2Y:IndexCurve/EUR-EONIA/7/15Y,Cross,417384.56,0.000100,0.000100,417369.51,-15.05,EUR
Swaption_CALL,DiscountCurve/EUR/2/2Y:IndexCurve/EUR-EONIA/8/20Y,Cross,417384.56,0.000100,0.000100,417369.51,-15.05,EUR
Swaption_CALL,DiscountCurve/EUR/2/2Y:IndexCurve/EUR-EURIBOR-3M/0/6M,Cross,417384.56,0.000100,0.000100,417369.51,-15.05,EUR
Swaption_CALL,DiscountCurve/EUR/2/2Y:IndexCurve/EUR-EURIBOR-3M/1/1Y,Cross,417384.56,0.000100,0.000100,417369.51,-15.05,EUR
Swaption_CALL,DiscountCurve/EUR/2/2Y:IndexCurve/EUR-EURIBOR-3M/2/2Y,Cross,417384.56,0.000100,0.000100,417369.51,-15.05,EUR
Swaption_CALL,DiscountCurve/EUR/2/2Y:IndexCurve/EUR-EURIBOR-3M/3/3Y,Cross,417384.56,0.000100,0.000100,417369.51,-15.05,EUR
Swaption_CALL,DiscountCurve/EUR/2/2Y:IndexCurve/EUR-EURIBOR-3M/4/5Y,Cross,417384.56,0.000100,0.000100,417369.51,-15.05,EUR
Swaption_CALL,DiscountCurve/EUR/2/2Y:IndexCurve/EUR-EURIBOR-3M/5/7Y,Cross,417384.56,0.000100,0.000100,417369.51,-15.05,EUR
Swaption_CALL,DiscountCurve/EUR/2/2Y:IndexCurve/EUR-EURIBOR-3M/6/10Y,Cross,417384.56,0.000100,0.000100,417369.51,-15.05,EUR
Swaption_CALL,DiscountCurve/EUR/2/2Y:IndexCurve/EUR-EURIBOR-3M/7/15Y,Cross,417384.56,0.000100,0.000100,417369.51,-15.05,EUR
Swaption_CALL,DiscountCurve/EUR/2/2Y:IndexCurve/EUR-EURIBOR-3M/8/20Y,Cross,417384.56,0.000100,0.000100,417369.51,-15.05,EUR
Swaption_CALL,DiscountCurve/EUR/2/2Y:IndexCurve/EUR-EURIBOR-6M/0/6M,Cross,417384.56,0.000100,0.000100,417369.51,-15.05,EUR
Swaption_CALL,DiscountCurve/EUR/2/2Y:IndexCurve/EUR-EURIBOR-6M/1/1Y,Cross,417384.56,0.000100,0.000100,417754.69,370.13,EUR
Swaption_CALL,DiscountCurve/EUR/2/2Y:IndexCurve/EUR-EURIBOR-6M/2/2Y,Cross,417384.56,0.000100,0.000100,417426.26,41.70,EUR
Swaption_CALL,DiscountCurve/EUR/2/2Y:IndexCurve/EUR-EURIBOR-6M/3/3Y,Cross,417384.56,0.000100,0.000100,417371.95,-12.61,EUR
Swaption_CALL,DiscountCurve/EUR/2/2Y:IndexCurve/EUR-EURIBOR-6M/4/5Y,Cross,417384.56,0.000100,0.000100,417358.11,-26.45,EUR
Swaption_CALL,DiscountCurve/EUR/2/2Y:IndexCurve/EUR-EURIBOR-6M/5/7Y,Cross,417384.56,0.000100,0.000100,417303.68,-80.88,EUR
Swaption_CALL,DiscountCurve/EUR/2/2Y:IndexCurve/EUR-EURIBOR-6M/6/10Y,Cross,417384.56,0.000100,0.000100,417152.54,-232.02,EUR
Swaption_CALL,DiscountCurve/EUR/2/2Y:IndexCurve/EUR-EURIBOR-6M/7/15Y,Cross,417384.56,0.000100,0.000100,417041.05,-343.51,EUR
Swaption_CALL,DiscountCurve/EUR/2/2Y:IndexCurve/EUR-EURIBOR-6M/8/20Y,Cross,417384.56,0.000100,0.000100,410244.39,-7140.17,EUR
Swaption_CALL,DiscountCurve/EUR/3/3Y:DiscountCurve/EUR/4/5Y,Cross,417384.56,0.000100,0.000100,417341.44,-43.12,EUR
Swaption_CALL,DiscountCurve/EUR/3/3Y:DiscountCurve/EUR/5/7Y,Cross,417384.56,0.000100,0.000100,417366.16,-18.39,EUR
Swaption_CALL,DiscountCurve/EUR/3/3Y:DiscountCurve/EUR/6/10Y,Cross,417384.56,0.000100,0.000100,417424.74,40.18,EUR
Swaption_CALL,DiscountCurve/EUR/3/3Y:DiscountCurve/EUR/7/15Y,Cross,417384.56,0.000100,0.000100,417479.69,95.13,EUR
Swaption_CALL,DiscountCurve/EUR/3/3Y:DiscountCurve/EUR/8/20Y,Cross,417384.56,0.000100,0.000100,417416.99,32.43,EUR
Swaption_CALL,DiscountCurve/EUR/3/3Y:IndexCurve/EUR-EONIA/0/6M,Cross,417384.56,0.000100,0.000100,417366.42,-18.14,EUR
Swaption_CALL,DiscountCurve/EUR/3/3Y:IndexCurve/EUR-EONIA/1/1Y,Cross,417384.56,0.000100,0.000100,417366.42,-18.14,EUR
Swaption_CALL,DiscountCurve/EUR/3/3Y:IndexCurve/EUR-EONIA/2/2Y,Cross,417384.56,0.000100,0.000100,417366.42,-18.14,EUR
Swaption_CALL,DiscountCurve/EUR/3/3Y:IndexCurve/EUR-EONIA/3/3Y,Cross,417384.56,0.000100,0.000100,417366.42,-18.14,EUR
Swaption_CALL,DiscountCurve/EUR/3/3Y:IndexCurve/EUR-EONIA/4/5Y,Cross,417384.56,0.000100,0.000100,417366.42,-18.14,EUR
Swaption_CALL,DiscountCurve/EUR/3/3Y:IndexCurve/EUR-EONIA/5/7Y,Cross,417384.56,0.000100,0.000100,417366.42,-18.14,EUR
Swaption_CALL,DiscountCurve/EUR/3/3Y:IndexCurve/EUR-EONIA/6/10Y,Cross,417384.56,0.000100,0.000100,417366.42,-18.14,EUR
Swaption_CALL,DiscountCurve/EUR/3/3Y:IndexCurve/EUR-EONIA/7/15Y,Cross,417384.56,0.000100,0.000100,417366.42,-18.14,EUR
Swaption_CALL,DiscountCurve/EUR/3/3Y:IndexCurve/EUR-EONIA/8/20Y,Cross,417384.56,0.000100,0.000100,417366.42,-18.14,EUR
Swaption_CALL,DiscountCurve/EUR/3/3Y:IndexCurve/EUR-EURIBOR-3M/0/6M,Cross,417384.56,0.000100,0.000100,417366.42,-18.14,EUR
Swaption_CALL,DiscountCurve/EUR/3/3Y:IndexCurve/EUR-EURIBOR-3M/1/1Y,Cross,417384.56,0.000100,0.000100,417366.42,-18.14,EUR
Swaption_CALL,DiscountCurve/EUR/3/3Y:IndexCurve/EUR-EURIBOR-3M/2/2Y,Cross,417384.56,0.000100,0.000100,417366.42,-18.14,EUR
Swaption_CALL,DiscountCurve/EUR/3/3Y:IndexCurve/EUR-EURIBOR-3M/3/3Y,Cross,417384.56,0.000100,0.000100,417366.42,-18.14,EUR
Swaption_CALL,DiscountCurve/EUR/3/3Y:IndexCurve/EUR-EURIBOR-3M/4/5Y,Cross,417384.56,0.000100,0.000100,417366.42,-18.14,EUR
Swaption_CALL,DiscountCurve/EUR/3/3Y:IndexCurve/EUR-EURIBOR-3M/5/7Y,Cross,417384.56,0.000100,0.000100,417366.42,-18.14,EUR
Swaption_CALL,DiscountCurve/EUR/3/3Y:IndexCurve/EUR-EURIBOR-3M/6/10Y,Cross,417384.56,0.000100,0.000100,417366.42,-18.14,EUR
Swaption_CALL,DiscountCurve/EUR/3/3Y:IndexCurve/EUR-EURIBOR-3M/7/15Y,Cross,417384.56,0.000100,0.000100,417366.42,-18.14,EUR
Swaption_CALL,DiscountCurve/EUR/3/3Y:IndexCurve/EUR-EURIBOR-3M/8/20Y,Cross,417384.56,0.000100,0.000100,417366.42,-18.14,EUR
Swaption_CALL,DiscountCurve/EUR/3/3Y:IndexCurve/EUR-EURIBOR-6M/0/6M,Cross,417384.56,0.000100,0.000100,417366.42,-18.14,EUR
Swaption_CALL,DiscountCurve/EUR/3/3Y:IndexCurve/EUR-EURIBOR-6M/1/1Y,Cross,417384.56,0.000100,0.000100,417751.66,367.10,EUR
Swaption_CALL,DiscountCurve/EUR/3/3Y:IndexCurve/EUR-EURIBOR-6M/2/2Y,Cross,417384.56,0.000100,0.000100,417422.93,38.38,EUR
Swaption_CALL,DiscountCurve/EUR/3/3Y:IndexCurve/EUR-EURIBOR-6M/3/3Y,Cross,417384.56,0.000100,0.000100,417368.91,-15.64,EUR
Swaption_CALL,DiscountCurve/EUR/3/3Y:IndexCurve/EUR-EURIBOR-6M/4/5Y,Cross,417384.56,0.000100,0.000100,417355.26,-29.30,EUR
Swaption_CALL,DiscountCurve/EUR/3/3Y:IndexCurve/EUR-EURIBOR-6M/5/7Y,Cross,417384.56,0.000100,0.000100,417300.59,-83.97,EUR
Swaption_CALL,DiscountCurve/EUR/3/3Y:IndexCurve/EUR-EURIBOR-6M/6/10Y,Cross,417384.56,0.000100,0.000100,417149.44,-235.11,EUR
Swaption_CALL,DiscountCurve/EUR/3/3Y:IndexCurve/EUR-EURIBOR-6M/7/15Y,Cross,417384.56,0.000100,0.000100,417037.96,-346.60,EUR
Swaption_CALL,DiscountCurve/EUR/3/3Y:IndexCurve/EUR-EURIBOR-6M/8/20Y,Cross,417384.56,0.000100,0.000100,410241.21,-7143.35,EUR
Swaption_CALL,DiscountCurve/EUR/4/5Y:DiscountCurve/EUR/5/7Y,Cross,417384.56,0.000100,0.000100,417359.31,-25.24,EUR
Swaption_CALL,DiscountCurve/EUR/4/5Y:DiscountCurve/EUR/6/10Y,Cross,417384.56,0.000100,0.000100,417417.89,33.33,EUR
Swaption_CALL,DiscountCurve/EUR/4/5Y:DiscountCurve/EUR/7/15Y,Cross,417384.56,0.000100,0.000100,417472.84,88.28,EUR
Swaption_CALL,DiscountCurve/EUR/4/5Y:DiscountCurve/EUR/8/20Y,Cross,417384.56,0.000100,0.000100,417410.14,25.58,EUR
Swaption_CALL,DiscountCurve/EUR/4/5Y:IndexCurve/EUR-EONIA/0/6M,Cross,417384.56,0.000100,0.000100,417359.57,-24.98,EUR
Swaption_CALL,DiscountCurve/EUR/4/5Y:IndexCurve/EUR-EONIA/1/1Y,Cross,417384.56,0.000100,0.000100,417359.57,-24.98,EUR
Swaption_CALL,DiscountCurve/EUR/4/5Y:IndexCurve/EUR-EONIA/2/2Y,Cross,417384.56,0.000100,0.000100,417359.57,-24.98,EUR
Swaption_CALL,DiscountCurve/EUR/4/5Y:IndexCurve/EUR-EONIA/3/3Y,Cross,417384.56,0.000100,0.000100,417359.57,-24.98,EUR
Swaption_CALL,DiscountCurve/EUR/4/5Y:IndexCurve/EUR-EONIA/4/5Y,Cross,417384.56,0.000100,0.000100,417359.57,-24.98,EUR
Swaption_CALL,DiscountCurve/EUR/4/5Y:IndexCurve/EUR-EONIA/5/7Y,Cross,417384.56,0.000100,0.000100,417359.57,-24.98,EUR
Swaption_CALL,DiscountCurve/EUR/4/5Y:IndexCurve/EUR-EONIA/6/10Y,Cross,417384.56,0.000100,0.000100,417359.57,-24.98,EUR
Swaption_CALL,DiscountCurve/EUR/4/5Y:IndexCurve/EUR-EONIA/7/15Y,Cross,417384.56,0.000100,0.000100,417359.57,-24.98,EUR
Swaption_CALL,DiscountCurve/EUR/4/5Y:IndexCurve/EUR-EONIA/8/20Y,Cross,417384.56,0.000100,0.000100,417359.57,-24.98,EUR
Swaption_CALL,DiscountCurve/EUR/4/5Y:IndexCurve/EUR-EURIBOR-3M/0/6M,Cross,417384.56,0.000100,0.000100,417359.57,-24.98,EUR
Swaption_CALL,DiscountCurve/EUR/4/5Y:IndexCurve/EUR-EURIBOR-3M/1/1Y,Cross,417384.56,0.000100,0.000100,417359.57,-24.98,EUR
Swaption_CALL,DiscountCurve/EUR/4/5Y:IndexCurve/EUR-EURIBOR-3M/2/2Y,Cross,417384.56,0.000100,0.000100,417359.57,-24.98,EUR
Swaption_CALL,DiscountCurve/EUR/4/5Y:IndexCurve/EUR-EURIBOR-3M/3/3Y,Cross,417384.56,0.000100,0.000100,417359.57,-24.98,EUR
Swaption_CALL,DiscountCurve/EUR/4/5Y:IndexCurve/EUR-EURIBOR-3M/4/5Y,Cross,417384.56,0.000100,0.000100,417359.57,-24.98,EUR
Swaption_CALL,DiscountCurve/EUR/4/5Y:IndexCurve/EUR-EURIBOR-3M/5/7Y,Cross,417384.56,0.000100,0.000100,417359.57,-24.98,EUR
Swaption_CALL,DiscountCurve/EUR/4/5Y:IndexCurve/EUR-EURIBOR-3M/6/10Y,Cross,417384.56,0.000100,0.000100,417359.57,-24.98,EUR
Swaption_CALL,DiscountCurve/EUR/4/5Y:IndexCurve/EUR-EURIBOR-3M/7/15Y,Cross,417384.56,0.000100,0.000100,417359.57,-24.98,EUR
Swaption_CALL,DiscountCurve/EUR/4/5Y:IndexCurve/EUR-EURIBOR-3M/8/20Y,Cross,417384.56,0.000100,0.000100,417359.57,-24.98,EUR
Swaption_CALL,DiscountCurve/EUR/4/5Y:IndexCurve/EUR-EURIBOR-6M/0/6M,Cross,417384.56,0.000100,0.000100,417359.57,-24.98,EUR
Swaption_CALL,DiscountCurve/EUR/4/5Y:IndexCurve/EUR-EURIBOR-6M/1/1Y,Cross,417384.56,0.000100,0.000100,417744.82,360.26,EUR
Swaption_CALL,DiscountCurve/EUR/4/5Y:IndexCurve/EUR-EURIBOR-6M/2/2Y,Cross,417384.56,0.000100,0.000100,417416.25,31.69,EUR
Swaption_CALL,DiscountCurve/EUR/4/5Y:IndexCurve/EUR-EURIBOR-6M/3/3Y,Cross,417384.56,0.000100,0.000100,417361.57,-22.98,EUR
Swaption_CALL,DiscountCurve/EUR/4/5Y:IndexCurve/EUR-EURIBOR-6M/4/5Y,Cross,417384.56,0.000100,0.000100,417348.41,-36.14,EUR
Swaption_CALL,DiscountCurve/EUR/4/5Y:IndexCurve/EUR-EURIBOR-6M/5/7Y,Cross,417384.56,0.000100,0.000100,417294.29,-90.26,EUR
Swaption_CALL,DiscountCurve/EUR/4/5Y:IndexCurve/EUR-EURIBOR-6M/6/10Y,Cross,417384.56,0.000100,0.000100,417142.59,-241.96,EUR
Swaption_CALL,DiscountCurve/EUR/4/5Y:IndexCurve/EUR-EURIBOR-6M/7/15Y,Cross,417384.56,0.000100,0.000100,417031.10,-353.45,EUR
Swaption_CALL,DiscountCurve/EUR/4/5Y:IndexCurve/EUR-EURIBOR-6M/8/20Y,Cross,417384.56,0.000100,0.000100,410234.22,-7150.33,EUR
Swaption_CALL,DiscountCurve/EUR/5/7Y:DiscountCurve/EUR/6/10Y,Cross,417384.56,0.000100,0.000100,417442.62,58.07,EUR
Swaption_CALL,DiscountCurve/EUR/5/7Y:DiscountCurve/EUR/7/15Y,Cross,417384.56,0.000100,0.000100,417497.58,113.03,EUR
Swaption_CALL,DiscountCurve/EUR/5/7Y:DiscountCurve/EUR/8/20Y,Cross,417384.56,0.000100,0.000100,417434.88,50.32,EUR
Swaption_CALL,DiscountCurve/EUR/5/7Y:IndexCurve/EUR-EONIA/0/6M,Cross,417384.56,0.000100,0.000100,417384.30,-0.26,EUR
Swaption_CALL,DiscountCurve/EUR/5/7Y:IndexCurve/EUR-EONIA/1/1Y,Cross,417384.56,0.000100,0.000100,417384.30,-0.26,EUR
Swaption_CALL,DiscountCurve/EUR/5/7Y:IndexCurve/EUR-EONIA/2/2Y,Cross,417384.56,0.000100,0.000100,417384.30,-0.26,EUR
Swaption_CALL,DiscountCurve/EUR/5/7Y:IndexCurve/EUR-EONIA/3/3Y,Cross,417384.56,0.000100,0.000100,417384.30,-0.26,EUR
Swaption_CALL,DiscountCurve/EUR/5/7Y:IndexCurve/EUR-EONIA/4/5Y,Cross,417384.56,0.000100,0.000100,417384.30,-0.26,EUR
Swaption_CALL,DiscountCurve/EUR/5/7Y:IndexCurve/EUR-EONIA/5/7Y,Cross,417384.56,0.000100,0.000100,417384.30,-0.26,EUR
Swaption_CALL,DiscountCurve/EUR/5/7Y:IndexCurve/EUR-EONIA/6/10Y,Cross,417384.56,0.000100,0.000100,417384.30,-0.26,EUR
Swaption_CALL,DiscountCurve/EUR/5/7Y:IndexCurve/EUR-EONIA/7/15Y,Cross,417384.56,0.000100,0.000100,417384.30,-0.26,EUR
Swaption_CALL,DiscountCurve/EUR/5/7Y:IndexCurve/EUR-EONIA/8/20Y,Cross,417384.56,0.000100,0.000100,417384.30,-0.26,EUR
Swaption_CALL,DiscountCurve/EUR/5/7Y:IndexCurve/EUR-EURIBOR-3M/0/6M,Cross,417384.56,0.000100,0.000100,417384.30,-0.26,EUR
Swaption_CALL,DiscountCurve/EUR/5/7Y:IndexCurve/EUR-EURIBOR-3M/1/1Y,Cross,417384.56,0.000100,0.000100,417384.30,-0.26,EUR
Swaption_CALL,DiscountCurve/EUR/5/7Y:IndexCurve/EUR-EURIBOR-3M/2/2Y,Cross,417384.56,0.000100,0.000100,417384.30,-0.26,EUR
Swaption_CALL,DiscountCurve/EUR/5/7Y:IndexCurve/EUR-EURIBOR-3M/3/3Y,Cross,417384.56,0.000100,0.000100,417384.30,-0.26,EUR
Swaption_CALL,DiscountCurve/EUR/5/7Y:IndexCurve/EUR-EURIBOR-3M/4/5Y,Cross,417384.56,0.000100,0.000100,417384.30,-0.26,EUR
Swaption_CALL,DiscountCurve/EUR/5/7Y:IndexCurve/EUR-EURIBOR-3M/5/7Y,Cross,417384.56,0.000100,0.000100,417384.30,-0.26,EUR
Swaption_CALL,DiscountCurve/EUR/5/7Y:IndexCurve/EUR-EURIBOR-3M/6/10Y,Cross,417384.56,0.000100,0.000100,417384.30,-0.26,EUR
Swaption_CALL,DiscountCurve/EUR/5/7Y:IndexCurve/EUR-EURIBOR-3M/7/15Y,Cross,417384.56,0.000100,0.000100,417384.30,-0.26,EUR
Swaption_CALL,DiscountCurve/EUR/5/7Y:IndexCurve/EUR-EURIBOR-3M/8/20Y,Cross,417384.56,0.000100,0.000100,417384.30,-0.26,EUR
Swaption_CALL,DiscountCurve/EUR/5/7Y:IndexCurve/EUR-EURIBOR-6M/0/6M,Cross,417384.56,0.000100,0.000100,417384.30,-0.26,EUR
Swaption_CALL,DiscountCurve/EUR/5/7Y:IndexCurve/EUR-EURIBOR-6M/1/1Y,Cross,417384.56,0.000100,0.000100,417769.58,385.02,EUR
Swaption_CALL,DiscountCurve/EUR/5/7Y:IndexCurve/EUR-EURIBOR-6M/2/2Y,Cross,417384.56,0.000100,0.000100,417440.99,56.43,EUR
Swaption_CALL,DiscountCurve/EUR/5/7Y:IndexCurve/EUR-EURIBOR-6M/3/3Y,Cross,417384.56,0.000100,0.000100,417386.67,2.11,EUR
Swaption_CALL,DiscountCurve/EUR/5/7Y:IndexCurve/EUR-EURIBOR-6M/4/5Y,Cross,417384.56,0.000100,0.000100,417372.03,-12.53,EUR
Swaption_CALL,DiscountCurve/EUR/5/7Y:IndexCurve/EUR-EURIBOR-6M/5/7Y,Cross,417384.56,0.000100,0.000100,417318.86,-65.69,EUR
Swaption_CALL,DiscountCurve/EUR/5/7Y:IndexCurve/EUR-EURIBOR-6M/6/10Y,Cross,417384.56,0.000100,0.000100,417168.49,-216.06,EUR
Swaption_CALL,DiscountCurve/EUR/5/7Y:IndexCurve/EUR-EURIBOR-6M/7/15Y,Cross,417384.56,0.000100,0.000100,417055.80,-328.75,EUR
Swaption_CALL,DiscountCurve/EUR/5/7Y:IndexCurve/EUR-EURIBOR-6M/8/20Y,Cross,417384.56,0.000100,0.000100,410258.36,-7126.20,EUR
Swaption_CALL,DiscountCurve/EUR/6/10Y:DiscountCurve/EUR/7/15Y,Cross,417384.56,0.000100,0.000100,417556.19,171.63,EUR
Swaption_CALL,DiscountCurve/EUR/6/10Y:DiscountCurve/EUR/8/20Y,Cross,417384.56,0.000100,0.000100,417493.48,108.93,EUR
Swaption_CALL,DiscountCurve/EUR/6/10Y:IndexCurve/EUR-EONIA/0/6M,Cross,417384.56,0.000100,0.000100,417442.88,58.32,EUR
Swaption_CALL,DiscountCurve/EUR/6/10Y:IndexCurve/EUR-EONIA/1/1Y,Cross,417384.56,0.000100,0.000100,417442.88,58.32,EUR
Swaption_CALL,DiscountCurve/EUR/6/10Y:IndexCurve/EUR-EONIA/2/2Y,Cross,417384.56,0.000100,0.000100,417442.88,58.32,EUR
Swaption_CALL,DiscountCurve/EUR/6/10Y:IndexCurve/EUR-EONIA/3/3Y,Cross,417384.56,0.000100,0.000100,417442.88,58.32,EUR
Swaption_CALL,DiscountCurve/EUR/6/10Y:IndexCurve/EUR-EONIA/4/5Y,Cross,417384.56,0.000100,0.000100,417442.88,58.32,EUR
Swaption_CALL,DiscountCurve/EUR/6/10Y:IndexCurve/EUR-EONIA/5/7Y,Cross,417384.56,0.000100,0.000100,417442.88,58.32,EUR
Swaption_CALL,DiscountCurve/EUR/6/10Y:IndexCurve/EUR-EONIA/6/10Y,Cross,417384.56,0.000100,0.000100,417442.88,58.32,EUR
Swaption_CALL,DiscountCurve/EUR/6/10Y:IndexCurve/EUR-EONIA/7/15Y,Cross,417384.56,0.000100,0.000100,417442.88,58.32,EUR
Swaption_CALL,DiscountCurve/EUR/6/10Y:IndexCurve/EUR-EONIA/8/20Y,Cross,417384.56,0.000100,0.000100,417442.88,58.32,EUR
Swaption_CALL,DiscountCurve/EUR/6/10Y:IndexCurve/EUR-EURIBOR-3M/0/6M,Cross,417384.56,0.000100,0.000100,417442.88,58.32,EUR
Swaption_CALL,DiscountCurve/EUR/6/10Y:IndexCurve/EUR-EURIBOR-3M/1/1Y,Cross,417384.56,0.000100,0.000100,417442.88,58.32,EUR
Swaption_CALL,DiscountCurve/EUR/6/10Y:IndexCurve/EUR-EURIBOR-3M/2/2Y,Cross,417384.56,0.000100,0.000100,417442.88,58.32,EUR
Swaption_CALL,DiscountCurve/EUR/6/10Y:IndexCurve/EUR-EURIBOR-3M/3/3Y,Cross,417384.56,0.000100,0.000100,417442.88,58.32,EUR
Swaption_CALL,DiscountCurve/EUR/6/10Y:IndexCurve/EUR-EURIBOR-3M/4/5Y,Cross,417384.56,0.000100,0.000100,417442.88,58.32,EUR
Swaption_CALL,DiscountCurve/EUR/6/10Y:IndexCurve/EUR-EURIBOR-3M/5/7Y,Cross,417384.56,0.000100,0.000100,417442.88,58.32,EUR
Swaption_CALL,DiscountCurve/EUR/6/10Y:IndexCurve/EUR-EURIBOR-3M/6/10Y,Cross,417384.56,0.000100,0.000100,417442.88,58.32,EUR
Swaption_CALL,DiscountCurve/EUR/6/10Y:IndexCurve/EUR-EURIBOR-3M/7/15Y,Cross,417384.56,0.000100,0.000100,417442.88,58.32,EUR
Swaption_CALL,DiscountCurve/EUR/6/10Y:IndexCurve/EUR-EURIBOR-3M/8/20Y,Cross,417384.56,0.000100,0.000100,417442.88,58.32,EUR
Swaption_CALL,DiscountCurve/EUR/6/10Y:IndexCurve/EUR-EURIBOR-6M/0/6M,Cross,417384.56,0.000100,0.000100,417442.88,58.32,EUR
Swaption_CALL,DiscountCurve/EUR/6/10Y:IndexCurve/EUR-EURIBOR-6M/1/1Y,Cross,417384.56,0.000100,0.000100,417828.24,443.69,EUR
Swaption_CALL,DiscountCurve/EUR/6/10Y:IndexCurve/EUR-EURIBOR-6M/2/2Y,Cross,417384.56,0.000100,0.000100,417499.58,115.02,EUR
Swaption_CALL,DiscountCurve/EUR/6/10Y:IndexCurve/EUR-EURIBOR-6M/3/3Y,Cross,417384.56,0.000100,0.000100,417445.25,60.70,EUR
Swaption_CALL,DiscountCurve/EUR/6/10Y:IndexCurve/EUR-EURIBOR-6M/4/5Y,Cross,417384.56,0.000100,0.000100,417431.47,46.91,EUR
Swaption_CALL,DiscountCurve/EUR/6/10Y:IndexCurve/EUR-EURIBOR-6M/5/7Y,Cross,417384.56,0.000100,0.000100,417375.42,-9.14,EUR
Swaption_CALL,DiscountCurve/EUR/6/10Y:IndexCurve/EUR-EURIBOR-6M/6/10Y,Cross,417384.56,0.000100,0.000100,417226.41,-158.15,EUR
Swaption_CALL,DiscountCurve/EUR/6/10Y:IndexCurve/EUR-EURIBOR-6M/7/15Y,Cross,417384.56,0.000100,0.000100,417116.92,-267.64,EUR
Swaption_CALL,DiscountCurve/EUR/6/10Y:IndexCurve/EUR-EURIBOR-6M/8/20Y,Cross,417384.56,0.000100,0.000100,410315.39,-7069.17,EUR
Swaption_CALL,DiscountCurve/EUR/7/15Y:DiscountCurve/EUR/8/20Y,Cross,417384.56,0.000100,0.000100,417548.43,163.87,EUR
Swaption_CALL,DiscountCurve/EUR/7/15Y:IndexCurve/EUR-EONIA/0/6M,Cross,417384.56,0.000100,0.000100,417497.83,113.27,EUR
Swaption_CALL,DiscountCurve/EUR/7/15Y:IndexCurve/EUR-EONIA/1/1Y,Cross,417384.56,0.000100,0.000100,417497.83,113.27,EUR
Swaption_CALL,DiscountCurve/EUR/7/15Y:IndexCurve/EUR-EONIA/2/2Y,Cross,417384.56,0.000100,0.000100,417497.83,113.27,EUR
Swaption_CALL,DiscountCurve/EUR/7/15Y:IndexCurve/EUR-EONIA/3/3Y,Cross,417384.56,0.000100,0.000100,417497.83,113.27,EUR
Swaption_CALL,DiscountCurve/EUR/7/15Y:IndexCurve/EUR-EONIA/4/5Y,Cross,417384.56,0.000100,0.000100,417497.83,113.27,EUR
Swaption_CALL,DiscountCurve/EUR/7/15Y:IndexCurve/EUR-EONIA/5/7Y,Cross,417384.56,0.000100,0.000100,417497.83,113.27,EUR
Swaption_CALL,DiscountCurve/EUR/7/15Y:IndexCurve/EUR-EONIA/6/10Y,Cross,417384.56,0.000100,0.000100,417497.83,113.27,EUR
Swaption_CALL,DiscountCurve/EUR/7/15Y:IndexCurve/EUR-EONIA/7/15Y,Cross,417384.56,0.000100,0.000100,417497.83,113.27,EUR
Swaption_CALL,DiscountCurve/EUR/7/15Y:IndexCurve/EUR-EONIA/8/20Y,Cross,417384.56,0.000100,0.000100,417497.83,113.27,EUR
Swaption_CALL,DiscountCurve/EUR/7/15Y:IndexCurve/EUR-EURIBOR-3M/0/6M,Cross,417384.56,0.000100,0.000100,417497.83,113.27,EUR
Swaption_CALL,DiscountCurve/EUR/7/15Y:IndexCurve/EUR-EURIBOR-3M/1/1Y,Cross,417384.56,0.000100,0.000100,417497.83,113.27,EUR
Swaption_CALL,DiscountCurve/EUR/7/15Y:IndexCurve/EUR-EURIBOR-3M/2/2Y,Cross,417384.56,0.000100,0.000100,417497.83,113.27,EUR
Swaption_CALL,DiscountCurve/EUR/7/15Y:IndexCurve/EUR-EURIBOR-3M/3/3Y,Cross,417384.56,0.000100,0.000100,417497.83,113.27,EUR
Swaption_CALL,DiscountCurve/EUR/7/15Y:IndexCurve/EUR-EURIBOR-3M/4/5Y,Cross,417384.56,0.000100,0.000100,417497.83,113.27,EUR
Swaption_CALL,DiscountCurve/EUR/7/15Y:IndexCurve/EUR-EURIBOR-3M/5/7Y,Cross,417384.56,0.000100,0.000100,417497.83,113.27,EUR
Swaption_CALL,DiscountCurve/EUR/7/15Y:IndexCurve/EUR-EURIBOR-3M/6/10Y,Cross,417384.56,0.000100,0.000100,417497.83,113.27,EUR
Swaption_CALL,DiscountCurve/EUR/7/15Y:IndexCurve/EUR-EURIBOR-3M/7/15Y,Cross,417384.56,0.000100,0.000100,417497.83,113.27,EUR
Swaption_CALL,DiscountCurve/EUR/7/15Y:IndexCurve/EUR-EURIBOR-3M/8/20Y,Cross,417384.56,0.000100,0.000100,417497.83,113.27,EUR
Swaption_CALL,DiscountCurve/EUR/7/15Y:IndexCurve/EUR-EURIBOR-6M/0/6M,Cross,417384.56,0.000100,0.000100,417497.83,113.27,EUR
Swaption_CALL,DiscountCurve/EUR/7/15Y:IndexCurve/EUR-EURIBOR-6M/1/1Y,Cross,417384.56,0.000100,0.000100,417883.29,498.74,EUR
Swaption_CALL,DiscountCurve/EUR/7/15Y:IndexCurve/EUR-EURIBOR-6M/2/2Y,Cross,417384.56,0.000100,0.000100,417554.54,169.99,EUR
Swaption_CALL,DiscountCurve/EUR/7/15Y:IndexCurve/EUR-EURIBOR-6M/3/3Y,Cross,417384.56,0.000100,0.000100,417500.20,115.65,EUR
Swaption_CALL,DiscountCurve/EUR/7/15Y:IndexCurve/EUR-EURIBOR-6M/4/5Y,Cross,417384.56,0.000100,0.000100,417486.42,101.87,EUR
Swaption_CALL,DiscountCurve/EUR/7/15Y:IndexCurve/EUR-EURIBOR-6M/5/7Y,Cross,417384.56,0.000100,0.000100,417431.95,47.40,EUR
Swaption_CALL,DiscountCurve/EUR/7/15Y:IndexCurve/EUR-EURIBOR-6M/6/10Y,Cross,417384.56,0.000100,0.000100,417277.65,-106.90,EUR
Swaption_CALL,DiscountCurve/EUR/7/15Y:IndexCurve/EUR-EURIBOR-6M/7/15Y,Cross,417384.56,0.000100,0.000100,417170.19,-214.37,EUR
Swaption_CALL,DiscountCurve/EUR/7/15Y:IndexCurve/EUR-EURIBOR-6M/8/20Y,Cross,417384.56,0.000100,0.000100,410373.30,-7011.26,EUR
Swaption_CALL,DiscountCurve/EUR/8/20Y:IndexCurve/EUR-EONIA/0/6M,Cross,417384.56,0.000100,0.000100,417435.13,50.57,EUR
Swaption_CALL,DiscountCurve/EUR/8/20Y:IndexCurve/EUR-EONIA/1/1Y,Cross,417384.56,0.000100,0.000100,417435.13,50.57,EUR
Swaption_CALL,DiscountCurve/EUR/8/20Y:IndexCurve/EUR-EONIA/2/2Y,Cross,417384.56,0.000100,0.000100,417435.13,50.57,EUR
Swaption_CALL,DiscountCurve/EUR/8/20Y:IndexCurve/EUR-EONIA/3/3Y,Cross,417384.56,0.000100,0.000100,417435.13,50.57,EUR
Swaption_CALL,DiscountCurve/EUR/8/20Y:IndexCurve/EUR-EONIA/4/5Y,Cross,417384.56,0.000100,0.000100,417435.13,50.57,EUR
Swaption_CALL,DiscountCurve/EUR/8/20Y:IndexCurve/EUR-EONIA/5/7Y,Cross,417384.56,0.000100,0.000100,417435.13,50.57,EUR
Swaption_CALL,DiscountCurve/EUR/8/20Y:IndexCurve/EUR-EONIA/6/10Y,Cross,417384.56,0.000100,0.000100,417435.13,50.57,EUR
Swaption_CALL,DiscountCurve/EUR/8/20Y:IndexCurve/EUR-EONIA/7/15Y,Cross,417384.56,0.000100,0.000100,417435.13,50.57,EUR
Swaption_CALL,DiscountCurve/EUR/8/20Y:IndexCurve/EUR-EONIA/8/20Y,Cross,417384.56,0.000100,0.000100,417435.13,50.57,EUR
Swaption_CALL,DiscountCurve/EUR/8/20Y:IndexCurve/EUR-EURIBOR-3M/0/6M,Cross,417384.56,0.000100,0.000100,417435.13,50.57,EUR
Swaption_CALL,DiscountCurve/EUR/8/20Y:IndexCurve/EUR-EURIBOR-3M/1/1Y,Cross,417384.56,0.000100,0.000100,417435.13,50.57,EUR
Swaption_CALL,DiscountCurve/EUR/8/20Y:IndexCurve/EUR-EURIBOR-3M/2/2Y,Cross,417384.56,0.000100,0.000100,417435.13,50.57,EUR
Swaption_CALL,DiscountCurve/EUR/8/20Y:IndexCurve/EUR-EURIBOR-3M/3/3Y,Cross,417384.56,0.000100,0.000100,417435.13,50.57,EUR
Swaption_CALL,DiscountCurve/EUR/8/20Y:IndexCurve/EUR-EURIBOR-3M/4/5Y,Cross,417384.56,0.000100,0.000100,417435.13,50.57,EUR
Swaption_CALL,DiscountCurve/EUR/8/20Y:IndexCurve/EUR-EURIBOR-3M/5/7Y,Cross,417384.56,0.000100,0.000100,417435.13,50.57,EUR
Swaption_CALL,DiscountCurve/EUR/8/20Y:IndexCurve/EUR-EURIBOR-3M/6/10Y,Cross,417384.56,0.000100,0.000100,417435.13,50.57,EUR
Swaption_CALL,DiscountCurve/EUR/8/20Y:IndexCurve/EUR-EURIBOR-3M/7/15Y,Cross,417384.56,0.000100,0.000100,417435.13,50.57,EUR
Swaption_CALL,DiscountCurve/EUR/8/20Y:IndexCurve/EUR-EURIBOR-3M/8/20Y,Cross,417384.56,0.000100,0.000100,417435.13,50.57,EUR
Swaption_CALL,DiscountCurve/EUR/8/20Y:IndexCurve/EUR-EURIBOR-6M/0/6M,Cross,417384.56,0.000100,0.000100,417435.13,50.57,EUR
Swaption_CALL,DiscountCurve/EUR/8/20Y:IndexCurve/EUR-EURIBOR-6M/1/1Y,Cross,417384.56,0.000100,0.000100,417820.52,435.96,EUR
Swaption_CALL,DiscountCurve/EUR/8/20Y:IndexCurve/EUR-EURIBOR-6M/2/2Y,Cross,417384.56,0.000100,0.000100,417491.83,107.28,EUR
Swaption_CALL,DiscountCurve/EUR/8/20Y:IndexCurve/EUR-EURIBOR-6M/3/3Y,Cross,417384.56,0.000100,0.000100,417437.50,52.95,EUR
Swaption_CALL,DiscountCurve/EUR/8/20Y:IndexCurve/EUR-EURIBOR-6M/4/5Y,Cross,417384.56,0.000100,0.000100,417423.72,39.17,EUR
Swaption_CALL,DiscountCurve/EUR/8/20Y:IndexCurve/EUR-EURIBOR-6M/5/7Y,Cross,417384.56,0.000100,0.000100,417369.27,-15.28,EUR
Swaption_CALL,DiscountCurve/EUR/8/20Y:IndexCurve/EUR-EURIBOR-6M/6/10Y,Cross,417384.56,0.000100,0.000100,417218.06,-166.50,EUR
Swaption_CALL,DiscountCurve/EUR/8/20Y:IndexCurve/EUR-EURIBOR-6M/7/15Y,Cross,417384.56,0.000100,0.000100,417100.63,-283.93,EUR
Swaption_CALL,DiscountCurve/EUR/8/20Y:IndexCurve/EUR-EURIBOR-6M/8/20Y,Cross,417384.56,0.000100,0.000100,410314.97,-7069.58,EUR
Swaption_CALL,IndexCurve/EUR-EONIA/0/6M:IndexCurve/EUR-EURIBOR-6M/1/1Y,Cross,417384.56,0.000100,0.000100,417769.80,385.24,EUR
Swaption_CALL,IndexCurve/EUR-EONIA/0/6M:IndexCurve/EUR-EURIBOR-6M/2/2Y,Cross,417384.56,0.000100,0.000100,417441.24,56.68,EUR
Swaption_CALL,IndexCurve/EUR-EONIA/0/6M:IndexCurve/EUR-EURIBOR-6M/3/3Y,Cross,417384.56,0.000100,0.000100,417386.93,2.37,EUR
Swaption_CALL,IndexCurve/EUR-EONIA/0/6M:IndexCurve/EUR-EURIBOR-6M/4/5Y,Cross,417384.56,0.000100,0.000100,417373.16,-11.40,EUR
Swaption_CALL,IndexCurve/EUR-EONIA/0/6M:IndexCurve/EUR-EURIBOR-6M/5/7Y,Cross,417384.56,0.000100,0.000100,417318.72,-65.83,EUR
Swaption_CALL,IndexCurve/EUR-EONIA/0/6M:IndexCurve/EUR-EURIBOR-6M/6/10Y,Cross,417384.56,0.000100,0.000100,417167.58,-216.98,EUR
Swaption_CALL,IndexCurve/EUR-EONIA/0/6M:IndexCurve/EUR-EURIBOR-6M/7/15Y,Cross,417384.56,0.000100,0.000100,417056.09,-328.47,EUR
Swaption_CALL,IndexCurve/EUR-EONIA/0/6M:IndexCurve/EUR-EURIBOR-6M/8/20Y,Cross,417384.56,0.000100,0.000100,410259.30,-7125.25,EUR
Swaption_CALL,IndexCurve/EUR-EONIA/1/1Y:IndexCurve/EUR-EURIBOR-6M/1/1Y,Cross,417384.56,0.000100,0.000100,417769.80,385.24,EUR
Swaption_CALL,IndexCurve/EUR-EONIA/1/1Y:IndexCurve/EUR-EURIBOR-6M/2/2Y,Cross,417384.56,0.000100,0.000100,417441.24,56.68,EUR
Swaption_CALL,IndexCurve/EUR-EONIA/1/1Y:IndexCurve/EUR-EURIBOR-6M/3/3Y,Cross,417384.56,0.000100,0.000100,417386.93,2.37,EUR
Swaption_CALL,IndexCurve/EUR-EONIA/1/1Y:IndexCurve/EUR-EURIBOR-6M/4/5Y,Cross,417384.56,0.000100,0.000100,417373.16,-11.40,EUR
Swaption_CALL,IndexCurve/EUR-EONIA/1/1Y:IndexCurve/EUR-EURIBOR-6M/5/7Y,Cross,417384.56,0.000100,0.000100,417318.72,-65.83,EUR
Swaption_CALL,IndexCurve/EUR-EONIA/1/1Y:IndexCurve/EUR-EURIBOR-6M/6/10Y,Cross,417384.56,0.000100,0.000100,417167.58,-216.98,EUR
Swaption_CALL,IndexCurve/EUR-EONIA/1/1Y:IndexCurve/EUR-EURIBOR-6M/7/15Y,Cross,417384.56,0.000100,0.000100,417056.09,-328.47,EUR
Swaption_CALL,IndexCurve/EUR-EONIA/1/1Y:IndexCurve/EUR-EURIBOR-6M/8/20Y,Cross,417384.56,0.000100,0.000100,410259.30,-7125.25,EUR
Swaption_CALL,IndexCurve/EUR-EONIA/2/2Y:IndexCurve/EUR-EURIBOR-6M/1/1Y,Cross,417384.56,0.000100,0.000100,417769.80,385.24,EUR
Swaption_CALL,IndexCurve/EUR-EONIA/2/2Y:IndexCurve/EUR-EURIBOR-6M/2/2Y,Cross,417384.56,0.000100,0.000100,417441.24,56.68,EUR
Swaption_CALL,IndexCurve/EUR-EONIA/2/2Y:IndexCurve/EUR-EURIBOR-6M/3/3Y,Cross,417384.56,0.000100,0.000100,417386.93,2.37,EUR
Swaption_CALL,IndexCurve/EUR-EONIA/2/2Y:IndexCurve/EUR-EURIBOR-6M/4/5Y,Cross,417384.56,0.000100,0.000100,417373.16,-11.40,EUR
Swaption_CALL,IndexCurve/EUR-EONIA/2/2Y:IndexCurve/EUR-EURIBOR-6M/5/7Y,Cross,417384.56,0.000100,0.000100,417318.72,-65.83,EUR
Swaption_CALL,IndexCurve/EUR-EONIA/2/2Y:IndexCurve/EUR-EURIBOR-6M/6/10Y,Cross,417384.56,0.000100,0.000100,417167.58,-216.98,EUR
Swaption_CALL,IndexCurve/EUR-EONIA/2/2Y:IndexCurve/EUR-EURIBOR-6M/7/15Y,Cross,417384.56,0.000100,0.000100,417056.09,-328.47,EUR
Swaption_CALL,IndexCurve/EUR-EONIA/2/2Y:IndexCurve/EUR-EURIBOR-6M/8/20Y,Cross,417384.56,0.000100,0.000100,410259.30,-7125.25,EUR
Swaption_CALL,IndexCurve/EUR-EONIA/3/3Y:IndexCurve/EUR-EURIBOR-6M/1/1Y,Cross,417384.56,0.000100,0.000100,417769.80,385.24,EUR
Swaption_CALL,IndexCurve/EUR-EONIA/3/3Y:IndexCurve/EUR-EURIBOR-6M/2/2Y,Cross,417384.56,0.000100,0.000100,417441.24,56.68,EUR
Swaption_CALL,IndexCurve/EUR-EONIA/3/3Y:IndexCurve/EUR-EURIBOR-6M/3/3Y,Cross,417384.56,0.000100,0.000100,417386.93,2.37,EUR
Swaption_CALL,IndexCurve/EUR-EONIA/3/3Y:IndexCurve/EUR-EURIBOR-6M/4/5Y,Cross,417384.56,0.000100,0.000100,417373.16,-11.40,EUR
Swaption_CALL,IndexCurve/EUR-EONIA/3/3Y:IndexCurve/EUR-EURIBOR-6M/5/7Y,Cross,417384.56,0.000100,0.000100,417318.72,-65.83,EUR
Swaption_CALL,IndexCurve/EUR-EONIA/3/3Y:IndexCurve/EUR-EURIBOR-6M/6/10Y,Cross,417384.56,0.000100,0.000100,417167.58,-216.98,EUR
Swaption_CALL,IndexCurve/EUR-EONIA/3/3Y:IndexCurve/EUR-EURIBOR-6M/7/15Y,Cross,417384.56,0.000100,0.000100,417056.09,-328.47,EUR
Swaption_CALL,IndexCurve/EUR-EONIA/3/3Y:IndexCurve/EUR-EURIBOR-6M/8/20Y,Cross,417384.56,0.000100,0.000100,410259.30,-7125.25,EUR
Swaption_CALL,IndexCurve/EUR-EONIA/4/5Y:IndexCurve/EUR-EURIBOR-6M/1/1Y,Cross,417384.56,0.000100,0.000100,417769.80,385.24,EUR
Swaption_CALL,IndexCurve/EUR-EONIA/4/5Y:IndexCurve/EUR-EURIBOR-6M/2/2Y,Cross,417384.56,0.000100,0.000100,417441.24,56.68,EUR
Swaption_CALL,IndexCurve/EUR-EONIA/4/5Y:IndexCurve/EUR-EURIBOR-6M/3/3Y,Cross,417384.56,0.000100,0.000100,417386.93,2.37,EUR
Swaption_CALL,IndexCurve/EUR-EONIA/4/5Y:IndexCurve/EUR-EURIBOR-6M/4/5Y,Cross,417384.56,0.000100,0.000100,417373.16,-11.40,EUR
Swaption_CALL,IndexCurve/EUR-EONIA/4/5Y:IndexCurve/EUR-EURIBOR-6M/5/7Y,Cross,417384.56,0.000100,0.000100,417318.72,-65.83,EUR
Swaption_CALL,IndexCurve/EUR-EONIA/4/5Y:IndexCurve/EUR-EURIBOR-6M/6/10Y,Cross,417384.56,0.000100,0.000100,417167.58,-216.98,EUR
Swaption_CALL,IndexCurve/EUR-EONIA/4/5Y:IndexCurve/EUR-EURIBOR-6M/7/15Y,Cross,417384.56,0.000100,0.000100,417056.09,-328.47,EUR
Swaption_CALL,IndexCurve/EUR-EONIA/4/5Y:IndexCurve/EUR-EURIBOR-6M/8/20Y,Cross,417384.56,0.000100,0.000100,410259.30,-7125.25,EUR
Swaption_CALL,IndexCurve/EUR-EONIA/5/7Y:IndexCurve/EUR-EURIBOR-6M/1/1Y,Cross,417384.56,0.000100,0.000100,417769.80,385.24,EUR
Swaption_CALL,IndexCurve/EUR-EONIA/5/7Y:IndexCurve/EUR-EURIBOR-6M/2/2Y,Cross,417384.56,0.000100,0.000100,417441.24,56.68,EUR
Swaption_CALL,IndexCurve/EUR-EONIA/5/7Y:IndexCurve/EUR-EURIBOR-6M/3/3Y,Cross,417384.56,0.000100,0.000100,417386.93,2.37,EUR
Swaption_CALL,IndexCurve/EUR-EONIA/5/7Y:IndexCurve/EUR-EURIBOR-6M/4/5Y,Cross,417384.56,0.000100,0.000100,417373.16,-11.40,EUR
Swaption_CALL,IndexCurve/EUR-EONIA/5/7Y:IndexCurve/EUR-EURIBOR-6M/5/7Y,Cross,417384.56,0.000100,0.000100,417318.72,-65.83,EUR
Swaption_CALL,IndexCurve/EUR-EONIA/5/7Y:IndexCurve/EUR-EURIBOR-6M/6/10Y,Cross,417384.56,0.000100,0.000100,417167.58,-216.98,EUR
Swaption_CALL,IndexCurve/EUR-EONIA/5/7Y:IndexCurve/EUR-EURIBOR-6M/7/15Y,Cross,417384.56,0.000100,0.000100,417056.09,-328.47,EUR
Swaption_CALL,IndexCurve/EUR-EONIA/5/7Y:IndexCurve/EUR-EURIBOR-6M/8/20Y,Cross,417384.56,0.000100,0.000100,410259.30,-7125.25,EUR
Swaption_CALL,IndexCurve/EUR-EONIA/6/10Y:IndexCurve/EUR-EURIBOR-6M/1/1Y,Cross,417384.56,0.000100,0.000100,417769.80,385.24,EUR
Swaption_CALL,IndexCurve/EUR-EONIA/6/10Y:IndexCurve/EUR-EURIBOR-6M/2/2Y,Cross,417384.56,0.000100,0.000100,417441.24,56.68,EUR
Swaption_CALL,IndexCurve/EUR-EONIA/6/10Y:IndexCurve/EUR-EURIBOR-6M/3/3Y,Cross,417384.56,0.000100,0.000100,417386.93,2.37,EUR
Swaption_CALL,IndexCurve/EUR-EONIA/6/10Y:IndexCurve/EUR-EURIBOR-6M/4/5Y,Cross,417384.56,0.000100,0.000100,417373.16,-11.40,EUR
Swaption_CALL,IndexCurve/EUR-EONIA/6/10Y:IndexCurve/EUR-EURIBOR-6M/5/7Y,Cross,417384.56,0.000100,0.000100,417318.72,-65.83,EUR
Swaption_CALL,IndexCurve/EUR-EONIA/6/10Y:IndexCurve/EUR-EURIBOR-6M/6/10Y,Cross,417384.56,0.000100,0.000100,417167.58,-216.98,EUR
Swaption_CALL,IndexCurve/EUR-EONIA/6/10Y:IndexCurve/EUR-EURIBOR-6M/7/15Y,Cross,417384.56,0.000100,0.000100,417056.09,-328.47,EUR
Swaption_CALL,IndexCurve/EUR-EONIA/6/10Y:IndexCurve/EUR-EURIBOR-6M/8/20Y,Cross,417384.56,0.000100,0.000100,410259.30,-7125.25,EUR
Swaption_CALL,IndexCurve/EUR-EONIA/7/15Y:IndexCurve/EUR-EURIBOR-6M/1/1Y,Cross,417384.56,0.000100,0.000100,417769.80,385.24,EUR
Swaption_CALL,IndexCurve/EUR-EONIA/7/15Y:IndexCurve/EUR-EURIBOR-6M/2/2Y,Cross,417384.56,0.000100,0.000100,417441.24,56.68,EUR
Swaption_CALL,IndexCurve/EUR-EONIA/7/15Y:IndexCurve/EUR-EURIBOR-6M/3/3Y,Cross,417384.56,0.000100,0.000100,417386.93,2.37,EUR
Swaption_CALL,IndexCurve/EUR-EONIA/7/15Y:IndexCurve/EUR-EURIBOR-6M/4/5Y,Cross,417384.56,0.000100,0.000100,417373.16,-11.40,EUR
Swaption_CALL,IndexCurve/EUR-EONIA/7/15Y:IndexCurve/EUR-EURIBOR-6M/5/7Y,Cross,417384.56,0.000100,0.000100,417318.72,-65.83,EUR
Swaption_CALL,IndexCurve/EUR-EONIA/7/15Y:IndexCurve/EUR-EURIBOR-6M/6/10Y,Cross,417384.56,0.000100,0.000100,417167.58,-216.98,EUR
Swaption_CALL,IndexCurve/EUR-EONIA/7/15Y:IndexCurve/EUR-EURIBOR-6M/7/15Y,Cross,417384.56,0.000100,0.000100,417056.09,-328.47,EUR
Swaption_CALL,IndexCurve/EUR-EONIA/7/15Y:IndexCurve/EUR-EURIBOR-6M/8/20Y,Cross,417384.56,0.000100,0.000100,410259.30,-7125.25,EUR
Swaption_CALL,IndexCurve/EUR-EONIA/8/20Y:IndexCurve/EUR-EURIBOR-6M/1/1Y,Cross,417384.56,0.000100,0.000100,417769.80,385.24,EUR
Swaption_CALL,IndexCurve/EUR-EONIA/8/20Y:IndexCurve/EUR-EURIBOR-6M/2/2Y,Cross,417384.56,0.000100,0.000100,417441.24,56.68,EUR
Swaption_CALL,IndexCurve/EUR-EONIA/8/20Y:IndexCurve/EUR-EURIBOR-6M/3/3Y,Cross,417384.56,0.000100,0.000100,417386.93,2.37,EUR
Swaption_CALL,IndexCurve/EUR-EONIA/8/20Y:IndexCurve/EUR-EURIBOR-6M/4/5Y,Cross,417384.56,0.000100,0.000100,417373.16,-11.40,EUR
Swaption_CALL,IndexCurve/EUR-EONIA/8/20Y:IndexCurve/EUR-EURIBOR-6M/5/7Y,Cross,417384.56,0.000100,0.000100,417318.72,-65.83,EUR
Swaption_CALL,IndexCurve/EUR-EONIA/8/20Y:IndexCurve/EUR-EURIBOR-6M/6/10Y,Cross,417384.56,0.000100,0.000100,417167.58,-216.98,EUR
Swaption_CALL,IndexCurve/EUR-EONIA/8/20Y:IndexCurve/EUR-EURIBOR-6M/7/15Y,Cross,417384.56,0.000100,0.000100,417056.09,-328.47,EUR
Swaption_CALL,IndexCurve/EUR-EONIA/8/20Y:IndexCurve/EUR-EURIBOR-6M/8/20Y,Cross,417384.56,0.000100,0.000100,410259.30,-7125.25,EUR
Swaption_CALL,IndexCurve/EUR-EURIBOR-3M/0/6M:IndexCurve/EUR-EURIBOR-6M/1/1Y,Cross,417384.56,0.000100,0.000100,417769.80,385.24,EUR
Swaption_CALL,IndexCurve/EUR-EURIBOR-3M/0/6M:IndexCurve/EUR-EURIBOR-6M/2/2Y,Cross,417384.56,0.000100,0.000100,417441.24,56.68,EUR
Swaption_CALL,IndexCurve/EUR-EURIBOR-3M/0/6M:IndexCurve/EUR-EURIBOR-6M/3/3Y,Cross,417384.56,0.000100,0.000100,417386.93,2.37,EUR
Swaption_CALL,IndexCurve/EUR-EURIBOR-3M/0/6M:IndexCurve/EUR-EURIBOR-6M/4/5Y,Cross,417384.56,0.000100,0.000100,417373.16,-11.40,EUR
Swaption_CALL,IndexCurve/EUR-EURIBOR-3M/0/6M:IndexCurve/EUR-EURIBOR-6M/5/7Y,Cross,417384.56,0.000100,0.000100,417318.72,-65.83,EUR
Swaption_CALL,IndexCurve/EUR-EURIBOR-3M/0/6M:IndexCurve/EUR-EURIBOR-6M/6/10Y,Cross,417384.56,0.000100,0.000100,417167.58,-216.98,EUR
Swaption_CALL,IndexCurve/EUR-EURIBOR-3M/0/6M:IndexCurve/EUR-EURIBOR-6M/7/15Y,Cross,417384.56,0.000100,0.000100,417056.09,-328.47,EUR
Swaption_CALL,IndexCurve/EUR-EURIBOR-3M/0/6M:IndexCurve/EUR-EURIBOR-6M/8/20Y,Cross,417384.56,0.000100,0.000100,410259.30,-7125.25,EUR
Swaption_CALL,IndexCurve/EUR-EURIBOR-3M/1/1Y:IndexCurve/EUR-EURIBOR-6M/1/1Y,Cross,417384.56,0.000100,0.000100,417769.80,385.24,EUR
Swaption_CALL,IndexCurve/EUR-EURIBOR-3M/1/1Y:IndexCurve/EUR-EURIBOR-6M/2/2Y,Cross,417384.56,0.000100,0.000100,417441.24,56.68,EUR
Swaption_CALL,IndexCurve/EUR-EURIBOR-3M/1/1Y:IndexCurve/EUR-EURIBOR-6M/3/3Y,Cross,417384.56,0.000100,0.000100,417386.93,2.37,EUR
Swaption_CALL,IndexCurve/EUR-EURIBOR-3M/1/1Y:IndexCurve/EUR-EURIBOR-6M/4/5Y,Cross,417384.56,0.000100,0.000100,417373.16,-11.40,EUR
Swaption_CALL,IndexCurve/EUR-EURIBOR-3M/1/1Y:IndexCurve/EUR-EURIBOR-6M/5/7Y,Cross,417384.56,0.000100,0.000100,417318.72,-65.83,EUR
Swaption_CALL,IndexCurve/EUR-EURIBOR-3M/1/1Y:IndexCurve/EUR-EURIBOR-6M/6/10Y,Cross,417384.56,0.000100,0.000100,417167.58,-216.98,EUR
Swaption_CALL,IndexCurve/EUR-EURIBOR-3M/1/1Y:IndexCurve/EUR-EURIBOR-6M/7/15Y,Cross,417384.56,0.000100,0.000100,417056.09,-328.47,EUR
Swaption_CALL,IndexCurve/EUR-EURIBOR-3M/1/1Y:IndexCurve/EUR-EURIBOR-6M/8/20Y,Cross,417384.56,0.000100,0.000100,410259.30,-7125.25,EUR
Swaption_CALL,IndexCurve/EUR-EURIBOR-3M/2/2Y:IndexCurve/EUR-EURIBOR-6M/1/1Y,Cross,417384.56,0.000100,0.000100,417769.80,385.24,EUR
Swaption_CALL,IndexCurve/EUR-EURIBOR-3M/2/2Y:IndexCurve/EUR-EURIBOR-6M/2/2Y,Cross,417384.56,0.000100,0.000100,417441.24,56.68,EUR
Swaption_CALL,IndexCurve/EUR-EURIBOR-3M/2/2Y:IndexCurve/EUR-EURIBOR-6M/3/3Y,Cross,417384.56,0.000100,0.000100,417386.93,2.37,EUR
Swaption_CALL,IndexCurve/EUR-EURIBOR-3M/2/2Y:IndexCurve/EUR-EURIBOR-6M/4/5Y,Cross,417384.56,0.000100,0.000100,417373.16,-11.40,EUR
Swaption_CALL,IndexCurve/EUR-EURIBOR-3M/2/2Y:IndexCurve/EUR-EURIBOR-6M/5/7Y,Cross,417384.56,0.000100,0.000100,417318.72,-65.83,EUR
Swaption_CALL,IndexCurve/EUR-EURIBOR-3M/2/2Y:IndexCurve/EUR-EURIBOR-6M/6/10Y,Cross,417384.56,0.000100,0.000100,417167.58,-216.98,EUR
Swaption_CALL,IndexCurve/EUR-EURIBOR-3M/2/2Y:IndexCurve/EUR-EURIBOR-6M/7/15Y,Cross,417384.56,0.000100,0.000100,417056.09,-328.47,EUR
Swaption_CALL,IndexCurve/EUR-EURIBOR-3M/2/2Y:IndexCurve/EUR-EURIBOR-6M/8/20Y,Cross,417384.56,0.000100,0.000100,410259.30,-7125.25,EUR
Swaption_CALL,IndexCurve/EUR-EURIBOR-3M/3/3Y:IndexCurve/EUR-EURIBOR-6M/1/1Y,Cross,417384.56,0.000100,0.000100,417769.80,385.24,EUR
Swaption_CALL,IndexCurve/EUR-EURIBOR-3M/3/3Y:IndexCurve/EUR-EURIBOR-6M/2/2Y,Cross,417384.56,0.000100,0.000100,417441.24,56.68,EUR
Swaption_CALL,IndexCurve/EUR-EURIBOR-3M/3/3Y:IndexCurve/EUR-EURIBOR-6M/3/3Y,Cross,417384.56,0.000100,0.000100,417386.93,2.37,EUR
Swaption_CALL,IndexCurve/EUR-EURIBOR-3M/3/3Y:IndexCurve/EUR-EURIBOR-6M/4/5Y,Cross,417384.56,0.000100,0.000100,417373.16,-11.40,EUR
Swaption_CALL,IndexCurve/EUR-EURIBOR-3M/3/3Y:IndexCurve/EUR-EURIBOR-6M/5/7Y,Cross,417384.56,0.000100,0.000100,417318.72,-65.83,EUR
Swaption_CALL,IndexCurve/EUR-EURIBOR-3M/3/3Y:IndexCurve/EUR-EURIBOR-6M/6/10Y,Cross,417384.56,0.000100,0.000100,417167.58,-216.98,EUR
Swaption_CALL,IndexCurve/EUR-EURIBOR-3M/3/3Y:IndexCurve/EUR-EURIBOR-6M/7/15Y,Cross,417384.56,0.000100,0.000100,417056.09,-328.47,EUR
Swaption_CALL,IndexCurve/EUR-EURIBOR-3M/3/3Y:IndexCurve/EUR-EURIBOR-6M/8/20Y,Cross,417384.56,0.000100,0.000100,410259.30,-7125.25,EUR
Swaption_CALL,IndexCurve/EUR-EURIBOR-3M/4/5Y:IndexCurve/EUR-EURIBOR-6M/1/1Y,Cross,417384.56,0.000100,0.000100,417769.80,385.24,EUR
Swaption_CALL,IndexCurve/EUR-EURIBOR-3M/4/5Y:IndexCurve/EUR-EURIBOR-6M/2/2Y,Cross,417384.56,0.000100,0.000100,417441.24,56.68,EUR
Swaption_CALL,IndexCurve/EUR-EURIBOR-3M/4/5Y:IndexCurve/EUR-EURIBOR-6M/3/3Y,Cross,417384.56,0.000100,0.000100,417386.93,2.37,EUR
Swaption_CALL,IndexCurve/EUR-EURIBOR-3M/4/5Y:IndexCurve/EUR-EURIBOR-6M/4/5Y,Cross,417384.56,0.000100,0.000100,417373.16,-11.40,EUR
Swaption_CALL,IndexCurve/EUR-EURIBOR-3M/4/5Y:IndexCurve/EUR-EURIBOR-6M/5/7Y,Cross,417384.56,0.000100,0.000100,417318.72,-65.83,EUR
Swaption_CALL,IndexCurve/EUR-EURIBOR-3M/4/5Y:IndexCurve/EUR-EURIBOR-6M/6/10Y,Cross,417384.56,0.000100,0.000100,417167.58,-216.98,EUR
Swaption_CALL,IndexCurve/EUR-EURIBOR-3M/4/5Y:IndexCurve/EUR-EURIBOR-6M/7/15Y,Cross,417384.56,0.000100,0.000100,417056.09,-328.47,EUR
Swaption_CALL,IndexCurve/EUR-EURIBOR-3M/4/5Y:IndexCurve/EUR-EURIBOR-6M/8/20Y,Cross,417384.56,0.000100,0.000100,410259.30,-7125.25,EUR
Swaption_CALL,IndexCurve/EUR-EURIBOR-3M/5/7Y:IndexCurve/EUR-EURIBOR-6M/1/1Y,Cross,417384.56,0.000100,0.000100,417769.80,385.24,EUR
Swaption_CALL,IndexCurve/EUR-EURIBOR-3M/5/7Y:IndexCurve/EUR-EURIBOR-6M/2/2Y,Cross,417384.56,0.000100,0.000100,417441.24,56.68,EUR
Swaption_CALL,IndexCurve/EUR-EURIBOR-3M/5/7Y:IndexCurve/EUR-EURIBOR-6M/3/3Y,Cross,417384.56,0.000100,0.000100,417386.93,2.37,EUR
Swaption_CALL,IndexCurve/EUR-EURIBOR-3M/5/7Y:IndexCurve/EUR-EURIBOR-6M/4/5Y,Cross,417384.56,0.000100,0.000100,417373.16,-11.40,EUR
Swaption_CALL,IndexCurve/EUR-EURIBOR-3M/5/7Y:IndexCurve/EUR-EURIBOR-6M/5/7Y,Cross,417384.56,0.000100,0.000100,417318.72,-65.83,EUR
Swaption_CALL,IndexCurve/EUR-EURIBOR-3M/5/7Y:IndexCurve/EUR-EURIBOR-6M/6/10Y,Cross,417384.56,0.000100,0.000100,417167.58,-216.98,EUR
Swaption_CALL,IndexCurve/EUR-EURIBOR-3M/5/7Y:IndexCurve/EUR-EURIBOR-6M/7/15Y,Cross,417384.56,0.000100,0.000100,417056.09,-328.47,EUR
Swaption_CALL,IndexCurve/EUR-EURIBOR-3M/5/7Y:IndexCurve/EUR-EURIBOR-6M/8/20Y,Cross,417384.56,0.000100,0.000100,410259.30,-7125.25,EUR
Swaption_CALL,IndexCurve/EUR-EURIBOR-3M/6/10Y:IndexCurve/EUR-EURIBOR-6M/1/1Y,Cross,417384.56,0.000100,0.000100,417769.80,385.24,EUR
Swaption_CALL,IndexCurve/EUR-EURIBOR-3M/6/10Y:IndexCurve/EUR-EURIBOR-6M/2/2Y,Cross,417384.56,0.000100,0.000100,417441.24,56.68,EUR
Swaption_CALL,IndexCurve/EUR-EURIBOR-3M/6/10Y:IndexCurve/EUR-EURIBOR-6M/3/3Y,Cross,417384.56,0.000100,0.000100,417386.93,2.37,EUR
Swaption_CALL,IndexCurve/EUR-EURIBOR-3M/6/10Y:IndexCurve/EUR-EURIBOR-6M/4/5Y,Cross,417384.56,0.000100,0.000100,417373.16,-11.40,EUR
Swaption_CALL,IndexCurve/EUR-EURIBOR-3M/6/10Y:IndexCurve/EUR-EURIBOR-6M/5/7Y,Cross,417384.56,0.000100,0.000100,417318.72,-65.83,EUR
Swaption_CALL,IndexCurve/EUR-EURIBOR-3M/6/10Y:IndexCurve/EUR-EURIBOR-6M/6/10Y,Cross,417384.56,0.000100,0.000100,417167.58,-216.98,EUR
Swaption_CALL,IndexCurve/EUR-EURIBOR-3M/6/10Y:IndexCurve/EUR-EURIBOR-6M/7/15Y,Cross,417384.56,0.000100,0.000100,417056.09,-328.47,EUR
Swaption_CALL,IndexCurve/EUR-EURIBOR-3M/6/10Y:IndexCurve/EUR-EURIBOR-6M/8/20Y,Cross,417384.56,0.000100,0.000100,410259.30,-7125.25,EUR
Swaption_CALL,IndexCurve/EUR-EURIBOR-3M/7/15Y:IndexCurve/EUR-EURIBOR-6M/1/1Y,Cross,417384.56,0.000100,0.000100,417769.80,385.24,EUR
Swaption_CALL,IndexCurve/EUR-EURIBOR-3M/7/15Y:IndexCurve/EUR-EURIBOR-6M/2/2Y,Cross,417384.56,0.000100,0.000100,417441.24,56.68,EUR
Swaption_CALL,IndexCurve/EUR-EURIBOR-3M/7/15Y:IndexCurve/EUR-EURIBOR-6M/3/3Y,Cross,417384.56,0.000100,0.000100,417386.93,2.37,EUR
Swaption_CALL,IndexCurve/EUR-EURIBOR-3M/7/15Y:IndexCurve/EUR-EURIBOR-6M/4/5Y,Cross,417384.56,0.000100,0.000100,417373.16,-11.40,EUR
Swaption_CALL,IndexCurve/EUR-EURIBOR-3M/7/15Y:IndexCurve/EUR-EURIBOR-6M/5/7Y,Cross,417384.56,0.000100,0.000100,417318.72,-65.83,EUR
Swaption_CALL,IndexCurve/EUR-EURIBOR-3M/7/15Y:IndexCurve/EUR-EURIBOR-6M/6/10Y,Cross,417384.56,0.000100,0.000100,417167.58,-216.98,EUR
Swaption_CALL,IndexCurve/EUR-EURIBOR-3M/7/15Y:IndexCurve/EUR-EURIBOR-6M/7/15Y,Cross,417384.56,0.000100,0.000100,417056.09,-328.47,EUR
Swaption_CALL,IndexCurve/EUR-EURIBOR-3M/7/15Y:IndexCurve/EUR-EURIBOR-6M/8/20Y,Cross,417384.56,0.000100,0.000100,410259.30,-7125.25,EUR
Swaption_CALL,IndexCurve/EUR-EURIBOR-3M/8/20Y:IndexCurve/EUR-EURIBOR-6M/1/1Y,Cross,417384.56,0.000100,0.000100,417769.80,385.24,EUR
Swaption_CALL,IndexCurve/EUR-EURIBOR-3M/8/20Y:IndexCurve/EUR-EURIBOR-6M/2/2Y,Cross,417384.56,0.000100,0.000100,417441.24,56.68,EUR
Swaption_CALL,IndexCurve/EUR-EURIBOR-3M/8/20Y:IndexCurve/EUR-EURIBOR-6M/3/3Y,Cross,417384.56,0.000100,0.000100,417386.93,2.37,EUR
Swaption_CALL,IndexCurve/EUR-EURIBOR-3M/8/20Y:IndexCurve/EUR-EURIBOR-6M/4/5Y,Cross,417384.56,0.000100,0.000100,417373.16,-11.40,EUR
Swaption_CALL,IndexCurve/EUR-EURIBOR-3M/8/20Y:IndexCurve/EUR-EURIBOR-6M/5/7Y,Cross,417384.56,0.000100,0.000100,417318.72,-65.83,EUR
Swaption_CALL,IndexCurve/EUR-EURIBOR-3M/8/20Y:IndexCurve/EUR-EURIBOR-6M/6/10Y,Cross,417384.56,0.000100,0.000100,417167.58,-216.98,EUR
Swaption_CALL,IndexCurve/EUR-EURIBOR-3M/8/20Y:IndexCurve/EUR-EURIBOR-6M/7/15Y,Cross,417384.56,0.000100,0.000100,417056.09,-328.47,EUR
Swaption_CALL,IndexCurve/EUR-EURIBOR-3M/8/20Y:IndexCurve/EUR-EURIBOR-6M/8/20Y,Cross,417384.56,0.000100,0.000100,410259.30,-7125.25,EUR
Swaption_CALL,IndexCurve/EUR-EURIBOR-6M/0/6M:IndexCurve/EUR-EURIBOR-6M/1/1Y,Cross,417384.56,0.000100,0.000100,417769.80,385.24,EUR
Swaption_CALL,IndexCurve/EUR-EURIBOR-6M/0/6M:IndexCurve/EUR-EURIBOR-6M/2/2Y,Cross,417384.56,0.000100,0.000100,417441.24,56.68,EUR
Swaption_CALL,IndexCurve/EUR-EURIBOR-6M/0/6M:IndexCurve/EUR-EURIBOR-6M/3/3Y,Cross,417384.56,0.000100,0.000100,417386.93,2.37,EUR
Swaption_CALL,IndexCurve/EUR-EURIBOR-6M/0/6M:IndexCurve/EUR-EURIBOR-6M/4/5Y,Cross,417384.56,0.000100,0.000100,417373.16,-11.40,EUR
Swaption_CALL,IndexCurve/EUR-EURIBOR-6M/0/6M:IndexCurve/EUR-EURIBOR-6M/5/7Y,Cross,417384.56,0.000100,0.000100,417318.72,-65.83,EUR
Swaption_CALL,IndexCurve/EUR-EURIBOR-6M/0/6M:IndexCurve/EUR-EURIBOR-6M/6/10Y,Cross,417384.56,0.000100,0.000100,417167.58,-216.98,EUR
Swaption_CALL,IndexCurve/EUR-EURIBOR-6M/0/6M:IndexCurve/EUR-EURIBOR-6M/7/15Y,Cross,417384.56,0.000100,0.000100,417056.09,-328.47,EUR
Swaption_CALL,IndexCurve/EUR-EURIBOR-6M/0/6M:IndexCurve/EUR-EURIBOR-6M/8/20Y,Cross,417384.56,0.000100,0.000100,410259.30,-7125.25,EUR
Swaption_CALL,IndexCurve/EUR-EURIBOR-6M/1/1Y:IndexCurve/EUR-EURIBOR-6M/2/2Y,Cross,417384.56,0.000100,0.000100,417826.55,441.99,EUR
Swaption_CALL,IndexCurve/EUR-EURIBOR-6M/1/1Y:IndexCurve/EUR-EURIBOR-6M/3/3Y,Cross,417384.56,0.000100,0.000100,417772.18,387.62,EUR
Swaption_CALL,IndexCurve/EUR-EURIBOR-6M/1/1Y:IndexCurve/EUR-EURIBOR-6M/4/5Y,Cross,417384.56,0.000100,0.000100,417758.39,373.83,EUR
Swaption_CALL,IndexCurve/EUR-EURIBOR-6M/1/1Y:IndexCurve/EUR-EURIBOR-6M/5/7Y,Cross,417384.56,0.000100,0.000100,417703.92,319.37,EUR
Swaption_CALL,IndexCurve/EUR-EURIBOR-6M/1/1Y:IndexCurve/EUR-EURIBOR-6M/6/10Y,Cross,417384.56,0.000100,0.000100,417552.68,168.12,EUR
Swaption_CALL,IndexCurve/EUR-EURIBOR-6M/1/1Y:IndexCurve/EUR-EURIBOR-6M/7/15Y,Cross,417384.56,0.000100,0.000100,417441.11,56.56,EUR
Swaption_CALL,IndexCurve/EUR-EURIBOR-6M/1/1Y:IndexCurve/EUR-EURIBOR-6M/8/20Y,Cross,417384.56,0.000100,0.000100,410639.79,-6744.77,EUR
Swaption_CALL,IndexCurve/EUR-EURIBOR-6M/2/2Y:IndexCurve/EUR-EURIBOR-6M/3/3Y,Cross,417384.56,0.000100,0.000100,417443.71,59.15,EUR
Swaption_CALL,IndexCurve/EUR-EURIBOR-6M/2/2Y:IndexCurve/EUR-EURIBOR-6M/4/5Y,Cross,417384.56,0.000100,0.000100,417429.84,45.29,EUR
Swaption_CALL,IndexCurve/EUR-EURIBOR-6M/2/2Y:IndexCurve/EUR-EURIBOR-6M/5/7Y,Cross,417384.56,0.000100,0.000100,417375.40,-9.16,EUR
Swaption_CALL,IndexCurve/EUR-EURIBOR-6M/2/2Y:IndexCurve/EUR-EURIBOR-6M/6/10Y,Cross,417384.56,0.000100,0.000100,417224.24,-160.32,EUR
Swaption_CALL,IndexCurve/EUR-EURIBOR-6M/2/2Y:IndexCurve/EUR-EURIBOR-6M/7/15Y,Cross,417384.56,0.000100,0.000100,417112.74,-271.82,EUR
Swaption_CALL,IndexCurve/EUR-EURIBOR-6M/2/2Y:IndexCurve/EUR-EURIBOR-6M/8/20Y,Cross,417384.56,0.000100,0.000100,410315.28,-7069.27,EUR
Swaption_CALL,IndexCurve/EUR-EURIBOR-6M/3/3Y:IndexCurve/EUR-EURIBOR-6M/4/5Y,Cross,417384.56,0.000100,0.000100,417375.66,-8.89,EUR
Swaption_CALL,IndexCurve/EUR-EURIBOR-6M/3/3Y:IndexCurve/EUR-EURIBOR-6M/5/7Y,Cross,417384.56,0.000100,0.000100,417321.10,-63.45,EUR
Swaption_CALL,IndexCurve/EUR-EURIBOR-6M/3/3Y:IndexCurve/EUR-EURIBOR-6M/6/10Y,Cross,417384.56,0.000100,0.000100,417169.95,-214.60,EUR
Swaption_CALL,IndexCurve/EUR-EURIBOR-6M/3/3Y:IndexCurve/EUR-EURIBOR-6M/7/15Y,Cross,417384.56,0.000100,0.000100,417058.46,-326.09,EUR
Swaption_CALL,IndexCurve/EUR-EURIBOR-6M/3/3Y:IndexCurve/EUR-EURIBOR-6M/8/20Y,Cross,417384.56,0.000100,0.000100,410261.64,-7122.91,EUR
Swaption_CALL,IndexCurve/EUR-EURIBOR-6M/4/5Y:IndexCurve/EUR-EURIBOR-6M/5/7Y,Cross,417384.56,0.000100,0.000100,417307.65,-76.91,EUR
Swaption_CALL,IndexCurve/EUR-EURIBOR-6M/4/5Y:IndexCurve/EUR-EURIBOR-6M/6/10Y,Cross,417384.56,0.000100,0.000100,417156.19,-228.36,EUR
Swaption_CALL,IndexCurve/EUR-EURIBOR-6M/4/5Y:IndexCurve/EUR-EURIBOR-6M/7/15Y,Cross,417384.56,0.000100,0.000100,417044.70,-339.86,EUR
Swaption_CALL,IndexCurve/EUR-EURIBOR-6M/4/5Y:IndexCurve/EUR-EURIBOR-6M/8/20Y,Cross,417384.56,0.000100,0.000100,410248.04,-7136.51,EUR
Swaption_CALL,IndexCurve/EUR-EURIBOR-6M/5/7Y:IndexCurve/EUR-EURIBOR-6M/6/10Y,Cross,417384.56,0.000100,0.000100,417102.20,-282.35,EUR
Swaption_CALL,IndexCurve/EUR-EURIBOR-6M/5/7Y:IndexCurve/EUR-EURIBOR-6M/7/15Y,Cross,417384.56,0.000100,0.000100,416990.30,-394.25,EUR
Swaption_CALL,IndexCurve/EUR-EURIBOR-6M/5/7Y:IndexCurve/EUR-EURIBOR-6M/8/20Y,Cross,417384.56,0.000100,0.000100,410194.28,-7190.27,EUR
Swaption_CALL,IndexCurve/EUR-EURIBOR-6M/6/10Y:IndexCurve/EUR-EURIBOR-6M/7/15Y,Cross,417384.56,0.000100,0.000100,416839.77,-544.78,EUR
Swaption_CALL,IndexCurve/EUR-EURIBOR-6M/6/10Y:IndexCurve/EUR-EURIBOR-6M/8/20Y,Cross,417384.56,0.000100,0.000100,410045.01,-7339.55,EUR
Swaption_CALL,IndexCurve/EUR-EURIBOR-6M/7/15Y:IndexCurve/EUR-EURIBOR-6M/8/20Y,Cross,417384.56,0.000100,0.000100,409935.92,-7448.63,EUR
