#TradeId,Type,CashflowNo,LegNo,PayDate,FlowType,Amount,Currency,Coupon,Accrual,AccrualStartDate,AccrualEndDate,AccruedAmount,fixingDate,fixingValue,Notional,DiscountFactor,PresentValue,FXRate(Local-Base),PresentValue(Base),BaseCurrency,FloorStrike,CapStrike,FloorVolatility,CapVolatility,EffectiveFloorVolatility,EffectiveCapVolatility
BermSwp,Swaption,1,0,2026-09-01,InterestProjected,9977.2084,EUR,0.0196272953,0.5083333333,2026-03-02,2026-09-01,0.0000,2026-02-26,0.0196272953,1000000.0000,0.8086778035,8068.3469965864,1.0000000000,8068.3469965864,EUR,#N/A,#N/A,#N/A,#N/A,#N/A,#N/A
BermSwp,Swaption,2,0,2027-03-01,InterestProjected,9867.6317,EUR,0.0196262288,0.5027777778,2026-09-01,2027-03-01,0.0000,2026-08-28,0.0196262288,1000000.0000,0.8006673857,7900.6908625427,1.0000000000,7900.6908625427,EUR,#N/A,#N/A,#N/A,#N/A,#N/A,#N/A
BermSwp,Swaption,3,0,2027-09-01,InterestProjected,10032.0013,EUR,0.0196278285,0.5111111111,2027-03-01,2027-09-01,0.0000,2027-02-25,0.0196278285,1000000.0000,0.7926055255,7951.4196286547,1.0000000000,7951.4196286547,EUR,#N/A,#N/A,#N/A,#N/A,#N/A,#N/A
BermSwp,Swaption,4,0,2028-03-01,InterestProjected,9921.3473,EUR,0.0196246431,0.5055555556,2027-09-01,2028-03-01,0.0000,2027-08-30,0.0196246431,1000000.0000,0.7847111687,7785.3920661364,1.0000000000,7785.3920661364,EUR,#N/A,#N/A,#N/A,#N/A,#N/A,#N/A
BermSwp,Swaption,5,0,2028-09-01,InterestProjected,10022.6143,EUR,0.0196094627,0.5111111111,2028-03-01,2028-09-01,0.0000,2028-02-28,0.0196094627,1000000.0000,0.7768101172,7785.6681636095,1.0000000000,7785.6681636095,EUR,#N/A,#N/A,#N/A,#N/A,#N/A,#N/A
BermSwp,Swaption,6,0,2029-03-01,InterestProjected,9858.3992,EUR,0.0196078659,0.5027777778,2028-09-01,2029-03-01,0.0000,2028-08-30,0.0196078659,1000000.0000,0.7691155100,7582.2477613845,1.0000000000,7582.2477613845,EUR,#N/A,#N/A,#N/A,#N/A,#N/A,#N/A
BermSwp,Swaption,7,0,2029-09-03,InterestProjected,10132.1058,EUR,0.0196105273,0.5166666667,2029-03-01,2029-09-03,0.0000,2029-02-27,0.0196105273,1000000.0000,0.7612877427,7713.4479423147,1.0000000000,7713.4479423147,EUR,#N/A,#N/A,#N/A,#N/A,#N/A,#N/A
BermSwp,Swaption,8,0,2030-03-01,InterestProjected,9748.9374,EUR,0.0196068015,0.4972222222,2029-09-03,2030-03-01,0.0000,2029-08-30,0.0196068015,1000000.0000,0.7538298056,7349.0395789759,1.0000000000,7349.0395789759,EUR,#N/A,#N/A,#N/A,#N/A,#N/A,#N/A
BermSwp,Swaption,9,0,2030-09-02,InterestProjected,10077.3585,EUR,0.0196099950,0.5138888889,2030-03-01,2030-09-02,0.0000,2030-02-27,0.0196099950,1000000.0000,0.7461986493,7519.7113326770,1.0000000000,7519.7113326770,EUR,#N/A,#N/A,#N/A,#N/A,#N/A,#N/A
BermSwp,Swaption,10,0,2031-03-03,InterestProjected,9913.5624,EUR,0.0196092444,0.5055555556,2030-09-02,2031-03-03,0.0000,2030-08-29,0.0196092444,1000000.0000,0.7387666215,7323.8090215797,1.0000000000,7323.8090215797,EUR,#N/A,#N/A,#N/A,#N/A,#N/A,#N/A
BermSwp,Swaption,11,0,2031-09-01,InterestProjected,9916.8423,EUR,0.0196157320,0.5055555556,2031-03-03,2031-09-01,0.0000,2031-02-27,0.0196157320,1000000.0000,0.7314085619,7253.2633703760,1.0000000000,7253.2633703760,EUR,#N/A,#N/A,#N/A,#N/A,#N/A,#N/A
BermSwp,Swaption,12,0,2032-03-01,InterestProjected,9916.8423,EUR,0.0196157320,0.5055555556,2031-09-01,2032-03-01,0.0000,2031-08-28,0.0196157320,1000000.0000,0.7241237880,7181.0214162150,1.0000000000,7181.0214162150,EUR,#N/A,#N/A,#N/A,#N/A,#N/A,#N/A
BermSwp,Swaption,13,0,2032-09-01,InterestProjected,10026.3631,EUR,0.0196167974,0.5111111111,2032-03-01,2032-09-01,0.0000,2032-02-26,0.0196167974,1000000.0000,0.7168327151,7187.2250883147,1.0000000000,7187.2250883147,EUR,#N/A,#N/A,#N/A,#N/A,#N/A,#N/A
BermSwp,Swaption,14,0,2033-03-01,InterestProjected,9862.0864,EUR,0.0196151994,0.5027777778,2032-09-01,2033-03-01,0.0000,2032-08-30,0.0196151994,1000000.0000,0.7097321491,6999.4397473455,1.0000000000,6999.4397473455,EUR,#N/A,#N/A,#N/A,#N/A,#N/A,#N/A
BermSwp,Swaption,15,0,2033-09-01,InterestProjected,10026.3631,EUR,0.0196167974,0.5111111111,2033-03-01,2033-09-01,0.0000,2033-02-25,0.0196167974,1000000.0000,0.7025859830,7044.3821798587,1.0000000000,7044.3821798587,EUR,#N/A,#N/A,#N/A,#N/A,#N/A,#N/A
BermSwp,Swaption,16,0,2034-03-01,InterestProjected,9862.0864,EUR,0.0196151994,0.5027777778,2033-09-01,2034-03-01,0.0000,2033-08-30,0.0196151994,1000000.0000,0.6956265377,6860.3289891894,1.0000000000,6860.3289891894,EUR,#N/A,#N/A,#N/A,#N/A,#N/A,#N/A
BermSwp,Swaption,17,0,2034-09-01,InterestProjected,10026.3631,EUR,0.0196167974,0.5111111111,2034-03-01,2034-09-01,0.0000,2034-02-27,0.0196167974,1000000.0000,0.6886223985,6904.3782108049,1.0000000000,6904.3782108049,EUR,#N/A,#N/A,#N/A,#N/A,#N/A,#N/A
BermSwp,Swaption,18,0,2035-03-01,InterestProjected,9862.0864,EUR,0.0196151994,0.5027777778,2034-09-01,2035-03-01,0.0000,2034-08-30,0.0196151994,1000000.0000,0.6818012690,6723.9829956052,1.0000000000,6723.9829956052,EUR,#N/A,#N/A,#N/A,#N/A,#N/A,#N/A
BermSwp,Swaption,19,0,2035-09-03,InterestProjected,10135.8958,EUR,0.0196178628,0.5166666667,2035-03-01,2035-09-03,0.0000,2035-02-27,0.0196178628,1000000.0000,0.6748620961,6840.3318749746,1.0000000000,6840.3318749746,EUR,#N/A,#N/A,#N/A,#N/A,#N/A,#N/A
BermSwp,Swaption,20,0,2036-03-03,InterestProjected,9916.2189,EUR,0.0196144988,0.5055555556,2035-09-03,2036-03-03,0.0000,2035-08-30,0.0196144988,1000000.0000,0.6681405205,6625.4276273288,1.0000000000,6625.4276273288,EUR,#N/A,#N/A,#N/A,#N/A,#N/A,#N/A
BermSwp,Swaption,1,1,2027-03-01,Interest,-19945.2055,EUR,0.0200000000,0.9972602740,2026-03-02,2027-03-01,0.0000,#N/A,#N/A,1000000.0000,0.8006673857,-15969.4755285049,1.0000000000,-15969.4755285049,EUR,#N/A,#N/A,#N/A,#N/A,#N/A,#N/A
BermSwp,Swaption,2,1,2028-03-01,Interest,-20045.8118,EUR,0.0200000000,1.0022905906,2027-03-01,2028-03-01,0.0000,#N/A,#N/A,1000000.0000,0.7847111687,-15730.1724154325,1.0000000000,-15730.1724154325,EUR,#N/A,#N/A,#N/A,#N/A,#N/A,#N/A
BermSwp,Swaption,3,1,2029-03-01,Interest,-19954.1882,EUR,0.0200000000,0.9977094094,2028-03-01,2029-03-01,0.0000,#N/A,#N/A,1000000.0000,0.7691155100,-15347.0756249108,1.0000000000,-15347.0756249108,EUR,#N/A,#N/A,#N/A,#N/A,#N/A,#N/A
BermSwp,Swaption,4,1,2030-03-01,Interest,-20000.0000,EUR,0.0200000000,1.0000000000,2029-03-01,2030-03-01,0.0000,#N/A,#N/A,1000000.0000,0.7538298056,-15076.5961110688,1.0000000000,-15076.5961110688,EUR,#N/A,#N/A,#N/A,#N/A,#N/A,#N/A
BermSwp,Swaption,5,1,2031-03-03,Interest,-20109.5890,EUR,0.0200000000,1.0054794521,2030-03-01,2031-03-03,0.0000,#N/A,#N/A,1000000.0000,0.7387666215,-14856.2931563321,1.0000000000,-14856.2931563321,EUR,#N/A,#N/A,#N/A,#N/A,#N/A,#N/A
BermSwp,Swaption,6,1,2032-03-01,Interest,-19936.2228,EUR,0.0200000000,0.9968111386,2031-03-03,2032-03-01,0.0000,#N/A,#N/A,1000000.0000,0.7241237880,-14436.2931511993,1.0000000000,-14436.2931511993,EUR,#N/A,#N/A,#N/A,#N/A,#N/A,#N/A
BermSwp,Swaption,7,1,2033-03-01,Interest,-19954.1882,EUR,0.0200000000,0.9977094094,2032-03-01,2033-03-01,0.0000,#N/A,#N/A,1000000.0000,0.7097321491,-14162.1288663319,1.0000000000,-14162.1288663319,EUR,#N/A,#N/A,#N/A,#N/A,#N/A,#N/A
BermSwp,Swaption,8,1,2034-03-01,Interest,-20000.0000,EUR,0.0200000000,1.0000000000,2033-03-01,2034-03-01,0.0000,#N/A,#N/A,1000000.0000,0.6956265377,-13912.5307535678,1.0000000000,-13912.5307535678,EUR,#N/A,#N/A,#N/A,#N/A,#N/A,#N/A
BermSwp,Swaption,9,1,2035-03-01,Interest,-20000.0000,EUR,0.0200000000,1.0000000000,2034-03-01,2035-03-01,0.0000,#N/A,#N/A,1000000.0000,0.6818012690,-13636.0253801582,1.0000000000,-13636.0253801582,EUR,#N/A,#N/A,#N/A,#N/A,#N/A,#N/A
BermSwp,Swaption,10,1,2036-03-03,Interest,-20155.1014,EUR,0.0200000000,1.0077550715,2035-03-01,2036-03-03,0.0000,#N/A,#N/A,1000000.0000,0.6681405205,-13466.4399604840,1.0000000000,-13466.4399604840,EUR,#N/A,#N/A,#N/A,#N/A,#N/A,#N/A
CC_SWAP_EUR_USD,Swap,1,0,2016-08-05,Interest,436117.5000,USD,0.0086265000,0.5055555556,2016-02-05,2016-08-05,0.0000,2016-02-03,0.0086265000,100000000.0000,0.6232461107,271808.5356675371,0.8831293157,240042.0861170633,EUR,#N/A,#N/A,#N/A,#N/A,#N/A,#N/A
CC_SWAP_EUR_USD,Swap,2,0,2017-02-06,InterestProjected,493206.9292,USD,0.0095975402,0.5138888889,2016-08-05,2017-02-06,0.0000,2016-08-03,0.0095975402,100000000.0000,0.4219443847,208105.8942696717,0.8831293157,183784.4160083718,EUR,#N/A,#N/A,#N/A,#N/A,#N/A,#N/A
CC_SWAP_EUR_USD,Swap,3,0,2017-08-07,InterestProjected,494364.4325,USD,0.0097786371,0.5055555556,2017-02-06,2017-08-07,0.0000,2017-02-02,0.0097786371,100000000.0000,0.5827904332,288110.8617555035,0.8831293157,254439.1482001414,EUR,#N/A,#N/A,#N/A,#N/A,#N/A,#N/A
CC_SWAP_EUR_USD,Swap,4,0,2018-02-05,InterestProjected,155612.3437,USD,0.0030780464,0.5055555556,2017-08-07,2018-02-05,0.0000,2017-08-03,0.0030780464,100000000.0000,0.8049513191,125260.3612997431,0.8831293157,110621.0971643099,EUR,#N/A,#N/A,#N/A,#N/A,#N/A,#N/A
CC_SWAP_EUR_USD,Swap,5,0,2018-08-06,InterestProjected,549426.4477,USD,0.0108677759,0.5055555556,2018-02-05,2018-08-06,0.0000,2018-02-01,0.0108677759,100000000.0000,0.7948540860,436713.8568897350,0.8831293157,385674.8096103324,EUR,#N/A,#N/A,#N/A,#N/A,#N/A,#N/A
CC_SWAP_EUR_USD,Swap,6,0,2019-02-05,InterestProjected,561455.3924,USD,0.0110450241,0.5083333333,2018-08-06,2019-02-05,0.0000,2018-08-02,0.0110450241,100000000.0000,0.7789006140,437317.9498779197,0.8831293157,386208.3018376329,EUR,#N/A,#N/A,#N/A,#N/A,#N/A,#N/A
CC_SWAP_EUR_USD,Swap,7,0,2019-08-05,InterestProjected,663663.6343,USD,0.0131999397,0.5027777778,2019-02-05,2019-08-05,0.0000,2019-02-01,0.0131999397,100000000.0000,0.7631114077,506449.2902657785,0.8831293157,447260.2151707297,EUR,#N/A,#N/A,#N/A,#N/A,#N/A,#N/A
CC_SWAP_EUR_USD,Swap,8,0,2020-02-05,InterestProjected,678479.9552,USD,0.0132746078,0.5111111111,2019-08-05,2020-02-05,0.0000,2019-08-01,0.0132746078,100000000.0000,0.7473774371,507080.6100329480,0.8831293157,447817.7521647249,EUR,#N/A,#N/A,#N/A,#N/A,#N/A,#N/A
CC_SWAP_EUR_USD,Swap,9,0,2020-08-05,InterestProjected,791206.4526,USD,0.0156502375,0.5055555556,2020-02-05,2020-08-05,0.0000,2020-02-03,0.0156502375,100000000.0000,0.7325428688,579592.6446194053,0.8831293157,511855.2556521647,EUR,#N/A,#N/A,#N/A,#N/A,#N/A,#N/A
CC_SWAP_EUR_USD,Swap,10,0,2021-02-05,InterestProjected,803368.7934,USD,0.0157180851,0.5111111111,2020-08-05,2021-02-05,0.0000,2020-08-03,0.0157180851,100000000.0000,0.7178560374,576703.1385906178,0.8831293157,509303.4481701276,EUR,#N/A,#N/A,#N/A,#N/A,#N/A,#N/A
CC_SWAP_EUR_USD,Swap,11,0,2021-08-05,InterestProjected,884419.6167,USD,0.0175906664,0.5027777778,2021-02-05,2021-08-05,0.0000,2021-02-03,0.0175906664,100000000.0000,0.7040600904,622684.5553282028,0.8831293157,549910.9852704653,EUR,#N/A,#N/A,#N/A,#N/A,#N/A,#N/A
CC_SWAP_EUR_USD,Swap,12,0,2022-02-07,InterestProjected,911151.0222,USD,0.0176351811,0.5166666667,2021-08-05,2022-02-07,0.0000,2021-08-03,0.0176351811,100000000.0000,0.6901675031,628846.8259446570,0.8831293157,555353.0671033950,EUR,#N/A,#N/A,#N/A,#N/A,#N/A,#N/A
CC_SWAP_EUR_USD,Swap,13,0,2022-08-05,InterestProjected,957112.9245,USD,0.0192491985,0.4972222222,2022-02-07,2022-08-05,0.0000,2022-02-03,0.0192491985,100000000.0000,0.6770566685,648019.6880847163,0.8831293157,572285.1837259723,EUR,#N/A,#N/A,#N/A,#N/A,#N/A,#N/A
CC_SWAP_EUR_USD,Swap,14,0,2023-02-06,InterestProjected,990292.7445,USD,0.0192705615,0.5138888889,2022-08-05,2023-02-06,0.0000,2022-08-03,0.0192705615,100000000.0000,0.6637680327,657324.6667360163,0.8831293157,580502.6831552942,EUR,#N/A,#N/A,#N/A,#N/A,#N/A,#N/A
CC_SWAP_EUR_USD,Swap,15,0,2023-08-07,InterestProjected,996577.7392,USD,0.0197125267,0.5055555556,2023-02-06,2023-08-07,0.0000,2023-02-02,0.0197125267,100000000.0000,0.6524906009,650257.6079346853,0.8831293157,574261.5563517621,EUR,#N/A,#N/A,#N/A,#N/A,#N/A,#N/A
CC_SWAP_EUR_USD,Swap,16,0,2024-02-05,InterestProjected,996953.5653,USD,0.0197199606,0.5055555556,2023-08-07,2024-02-05,0.0000,2023-08-03,0.0197199606,100000000.0000,0.6414301945,639476.1193146791,0.8831293157,564740.1076840897,EUR,#N/A,#N/A,#N/A,#N/A,#N/A,#N/A
CC_SWAP_EUR_USD,Swap,17,0,2024-08-05,InterestProjected,1058738.4516,USD,0.0209420793,0.5055555556,2024-02-05,2024-08-05,0.0000,2024-02-01,0.0209420793,100000000.0000,0.6305572737,667595.2315732386,0.8831293157,589572.9200522801,EUR,#N/A,#N/A,#N/A,#N/A,#N/A,#N/A
CC_SWAP_EUR_USD,Swap,18,0,2025-02-05,InterestProjected,1071839.2734,USD,0.0209707684,0.5111111111,2024-08-05,2025-02-05,0.0000,2024-08-01,0.0209707684,100000000.0000,0.6197522152,664274.7640531601,0.8831293157,586640.5178433277,EUR,#N/A,#N/A,#N/A,#N/A,#N/A,#N/A
CC_SWAP_EUR_USD,Swap,19,0,2025-08-05,InterestProjected,1131319.7827,USD,0.0225013879,0.5027777778,2025-02-05,2025-08-05,0.0000,2025-02-03,0.0225013879,100000000.0000,0.6093039920,689317.6598486869,0.8831293157,608756.6332714439,EUR,#N/A,#N/A,#N/A,#N/A,#N/A,#N/A
CC_SWAP_EUR_USD,Swap,20,0,2026-02-05,InterestProjected,1152404.7966,USD,0.0225470504,0.5111111111,2025-08-05,2026-02-05,0.0000,2025-08-01,0.0225470504,100000000.0000,0.5988631240,690132.7366716528,0.8831293157,609476.4515083873,EUR,#N/A,#N/A,#N/A,#N/A,#N/A,#N/A
CC_SWAP_EUR_USD,Swap,1,1,2016-08-05,Interest,-673278.1652,EUR,0.0150800000,0.5055555556,2016-02-05,2016-08-05,0.0000,2016-02-03,0.0000800000,88312931.5700,0.9899880836,-666537.3604853866,1.0000000000,-666537.3604853866,EUR,#N/A,#N/A,#N/A,#N/A,#N/A,#N/A
CC_SWAP_EUR_USD,Swap,2,1,2017-02-06,InterestProjected,-1564702.3622,EUR,0.0344776939,0.5138888889,2016-08-05,2017-02-06,0.0000,2016-08-03,0.0194776939,88312931.5700,0.9800143214,-1533430.7236079981,1.0000000000,-1533430.7236079981,EUR,#N/A,#N/A,#N/A,#N/A,#N/A,#N/A
CC_SWAP_EUR_USD,Swap,3,1,2017-08-07,InterestProjected,-1538741.6403,EUR,0.0344645425,0.5055555556,2017-02-06,2017-08-07,0.0000,2017-02-02,0.0194645425,88312931.5700,0.9702056854,-1492895.8877879973,1.0000000000,-1492895.8877879973,EUR,#N/A,#N/A,#N/A,#N/A,#N/A,#N/A
CC_SWAP_EUR_USD,Swap,4,1,2018-02-05,InterestProjected,-1538741.6403,EUR,0.0344645425,0.5055555556,2017-08-07,2018-02-05,0.0000,2017-08-03,0.0194645425,88312931.5700,0.9605894610,-1478099.0028345704,1.0000000000,-1478099.0028345704,EUR,#N/A,#N/A,#N/A,#N/A,#N/A,#N/A
CC_SWAP_EUR_USD,Swap,5,1,2018-08-06,InterestProjected,-1545842.9505,EUR,0.0346235968,0.5055555556,2018-02-05,2018-08-06,0.0000,2018-02-01,0.0196235968,88312931.5700,0.9510246741,-1470134.7881725763,1.0000000000,-1470134.7881725763,EUR,#N/A,#N/A,#N/A,#N/A,#N/A,#N/A
CC_SWAP_EUR_USD,Swap,6,1,2019-02-05,InterestProjected,-1554520.9969,EUR,0.0346277044,0.5083333333,2018-08-06,2019-02-05,0.0000,2018-08-02,0.0196277044,88312931.5700,0.9415005871,-1463582.4312394932,1.0000000000,-1463582.4312394932,EUR,#N/A,#N/A,#N/A,#N/A,#N/A,#N/A
CC_SWAP_EUR_USD,Swap,7,1,2019-08-05,InterestProjected,-1537457.6103,EUR,0.0346260359,0.5027777778,2019-02-05,2019-08-05,0.0000,2019-02-01,0.0196260359,88312931.5700,0.9321742361,-1433178.3734941541,1.0000000000,-1433178.3734941541,EUR,#N/A,#N/A,#N/A,#N/A,#N/A,#N/A
CC_SWAP_EUR_USD,Swap,8,1,2020-02-05,InterestProjected,-1563011.6107,EUR,0.0346276150,0.5111111111,2019-08-05,2020-02-05,0.0000,2019-08-01,0.0196276150,88312931.5700,0.9227879872,-1442328.3382732149,1.0000000000,-1442328.3382732149,EUR,#N/A,#N/A,#N/A,#N/A,#N/A,#N/A
CC_SWAP_EUR_USD,Swap,9,1,2020-08-05,InterestProjected,-1543616.8040,EUR,0.0345737358,0.5055555556,2020-02-05,2020-08-05,0.0000,2020-02-03,0.0195737358,88312931.5700,0.9135969856,-1410243.6589898276,1.0000000000,-1410243.6589898276,EUR,#N/A,#N/A,#N/A,#N/A,#N/A,#N/A
CC_SWAP_EUR_USD,Swap,10,1,2021-02-05,InterestProjected,-1560560.1614,EUR,0.0345733046,0.5111111111,2020-08-05,2021-02-05,0.0000,2020-08-03,0.0195733046,88312931.5700,0.9043980459,-1411367.5605455379,1.0000000000,-1411367.5605455379,EUR,#N/A,#N/A,#N/A,#N/A,#N/A,#N/A
CC_SWAP_EUR_USD,Swap,11,1,2021-08-05,InterestProjected,-1537412.6807,EUR,0.0346250240,0.5027777778,2021-02-05,2021-08-05,0.0000,2021-02-03,0.0196250240,88312931.5700,0.8954394638,-1376659.9864680097,1.0000000000,-1376659.9864680097,EUR,#N/A,#N/A,#N/A,#N/A,#N/A,#N/A
CC_SWAP_EUR_USD,Swap,12,1,2022-02-07,InterestProjected,-1580059.2797,EUR,0.0346288952,0.5166666667,2021-08-05,2022-02-07,0.0000,2021-08-03,0.0196288952,88312931.5700,0.8863258494,-1400447.3832469727,1.0000000000,-1400447.3832469727,EUR,#N/A,#N/A,#N/A,#N/A,#N/A,#N/A
CC_SWAP_EUR_USD,Swap,13,1,2022-08-05,InterestProjected,-1520430.7700,EUR,0.0346251624,0.4972222222,2022-02-07,2022-08-05,0.0000,2022-02-03,0.0196251624,88312931.5700,0.8776428178,-1334395.1452583461,1.0000000000,-1334395.1452583461,EUR,#N/A,#N/A,#N/A,#N/A,#N/A,#N/A
CC_SWAP_EUR_USD,Swap,14,1,2023-02-06,InterestProjected,-1571540.1337,EUR,0.0346283619,0.5138888889,2022-08-05,2023-02-06,0.0000,2022-08-03,0.0196283619,88312931.5700,0.8687581145,-1365288.2433993733,1.0000000000,-1365288.2433993733,EUR,#N/A,#N/A,#N/A,#N/A,#N/A,#N/A
CC_SWAP_EUR_USD,Swap,15,1,2023-08-07,InterestProjected,-1545190.2408,EUR,0.0346089774,0.5055555556,2023-02-06,2023-08-07,0.0000,2023-02-02,0.0196089774,88312931.5700,0.8601052594,-1329026.2529334342,1.0000000000,-1329026.2529334342,EUR,#N/A,#N/A,#N/A,#N/A,#N/A,#N/A
CC_SWAP_EUR_USD,Swap,16,1,2024-02-05,InterestProjected,-1545176.9331,EUR,0.0346086794,0.5055555556,2023-08-07,2024-02-05,0.0000,2023-08-03,0.0196086794,88312931.5700,0.8515385871,-1315777.7823707494,1.0000000000,-1315777.7823707494,EUR,#N/A,#N/A,#N/A,#N/A,#N/A,#N/A
CC_SWAP_EUR_USD,Swap,17,1,2024-08-05,InterestProjected,-1545176.9331,EUR,0.0346086794,0.5055555556,2024-02-05,2024-08-05,0.0000,2024-02-01,0.0196086794,88312931.5700,0.8430576859,-1302673.2895681690,1.0000000000,-1302673.2895681690,EUR,#N/A,#N/A,#N/A,#N/A,#N/A,#N/A
CC_SWAP_EUR_USD,Swap,18,1,2025-02-05,InterestProjected,-1562204.9522,EUR,0.0346097440,0.5111111111,2024-08-05,2025-02-05,0.0000,2024-08-01,0.0196097440,88312931.5700,0.8345694658,-1303768.5524369485,1.0000000000,-1303768.5524369485,EUR,#N/A,#N/A,#N/A,#N/A,#N/A,#N/A
CC_SWAP_EUR_USD,Swap,19,1,2025-08-05,InterestProjected,-1536663.3165,EUR,0.0346081471,0.5027777778,2025-02-05,2025-08-05,0.0000,2025-02-03,0.0196081471,88312931.5700,0.8263023718,-1269748.5431104028,1.0000000000,-1269748.5431104028,EUR,#N/A,#N/A,#N/A,#N/A,#N/A,#N/A
CC_SWAP_EUR_USD,Swap,20,1,2026-02-05,InterestProjected,-1562204.9522,EUR,0.0346097440,0.5111111111,2025-08-05,2026-02-05,0.0000,2025-08-01,0.0196097440,88312931.5700,0.8179821665,-1277855.7912870394,1.0000000000,-1277855.7912870394,EUR,#N/A,#N/A,#N/A,#N/A,#N/A,#N/A
CC_SWAP_EUR_USD,Swap,2,2,2026-02-05,Notional,100000000.0000,USD,#N/A,#N/A,#N/A,#N/A,#N/A,#N/A,#N/A,#N/A,0.5988631240,59886312.4034689814,0.8831293157,52887358.0952216312,EUR,#N/A,#N/A,#N/A,#N/A,#N/A,#N/A
CC_SWAP_EUR_USD,Swap,2,3,2026-02-05,Notional,-88312931.5700,EUR,#N/A,#N/A,#N/A,#N/A,#N/A,#N/A,#N/A,#N/A,0.8179821665,-72238403.0934409201,1.0000000000,-72238403.0934409201,EUR,#N/A,#N/A,#N/A,#N/A,#N/A,#N/A
FXSwap,FxSwap,1,0,2016-09-01,Notional,1000000.0000,EUR,#N/A,#N/A,#N/A,#N/A,#N/A,#N/A,#N/A,#N/A,0.9885199378,988519.9377563572,1.0000000000,988519.9377563572,EUR,#N/A,#N/A,#N/A,#N/A,#N/A,#N/A
FXSwap,FxSwap,1,1,2016-09-01,Notional,-1100000.0000,USD,#N/A,#N/A,#N/A,#N/A,#N/A,#N/A,#N/A,#N/A,0.5872665180,-645993.1697891826,0.8831293157,-570495.5060102978,EUR,#N/A,#N/A,#N/A,#N/A,#N/A,#N/A
FXSwap,FxSwap,1,2,2026-09-01,Notional,1300000.0000,USD,#N/A,#N/A,#N/A,#N/A,#N/A,#N/A,#N/A,#N/A,0.5879906932,764387.9011899944,0.8831293157,675053.3641398228,EUR,#N/A,#N/A,#N/A,#N/A,#N/A,#N/A
FXSwap,FxSwap,1,3,2026-09-01,Notional,-1000000.0000,EUR,#N/A,#N/A,#N/A,#N/A,#N/A,#N/A,#N/A,#N/A,0.8086778035,-808677.8035479939,1.0000000000,-808677.8035479939,EUR,#N/A,#N/A,#N/A,#N/A,#N/A,#N/A
FX_CALL_OPTION,FxOption,1,0,2026-03-01,ExpectedFlow,516052.9557,USD,#N/A,#N/A,#N/A,#N/A,#N/A,#N/A,#N/A,#N/A,0.5975858101,308385.9235674798,0.8831293157,272344.6496647905,EUR,#N/A,#N/A,#N/A,#N/A,#N/A,#N/A
Swap_EUR,Swap,1,0,2017-03-01,Interest,-200000.0000,EUR,0.0200000000,1.0000000000,2016-03-01,2017-03-01,0.0000,#N/A,#N/A,10000000.0000,0.9787692200,-195753.8439988592,1.0000000000,-195753.8439988592,EUR,#N/A,#N/A,#N/A,#N/A,#N/A,#N/A
Swap_EUR,Swap,2,0,2018-03-01,Interest,-200000.0000,EUR,0.0200000000,1.0000000000,2017-03-01,2018-03-01,0.0000,#N/A,#N/A,10000000.0000,0.9593251213,-191865.0242645769,1.0000000000,-191865.0242645769,EUR,#N/A,#N/A,#N/A,#N/A,#N/A,#N/A
Swap_EUR,Swap,3,0,2019-03-01,Interest,-200000.0000,EUR,0.0200000000,1.0000000000,2018-03-01,2019-03-01,0.0000,#N/A,#N/A,10000000.0000,0.9402586043,-188051.7208624939,1.0000000000,-188051.7208624939,EUR,#N/A,#N/A,#N/A,#N/A,#N/A,#N/A
Swap_EUR,Swap,4,0,2020-03-02,Interest,-200555.5556,EUR,0.0200000000,1.0027777778,2019-03-01,2020-03-02,0.0000,#N/A,#N/A,10000000.0000,0.9214693404,-184805.7954885686,1.0000000000,-184805.7954885686,EUR,#N/A,#N/A,#N/A,#N/A,#N/A,#N/A
Swap_EUR,Swap,5,0,2021-03-01,Interest,-199444.4444,EUR,0.0200000000,0.9972222222,2020-03-02,2021-03-01,0.0000,#N/A,#N/A,10000000.0000,0.9032050328,-180139.2259797745,1.0000000000,-180139.2259797745,EUR,#N/A,#N/A,#N/A,#N/A,#N/A,#N/A
Swap_EUR,Swap,6,0,2022-03-01,Interest,-200000.0000,EUR,0.0200000000,1.0000000000,2021-03-01,2022-03-01,0.0000,#N/A,#N/A,10000000.0000,0.8852540479,-177050.8095807685,1.0000000000,-177050.8095807685,EUR,#N/A,#N/A,#N/A,#N/A,#N/A,#N/A
Swap_EUR,Swap,7,0,2023-03-01,Interest,-200000.0000,EUR,0.0200000000,1.0000000000,2022-03-01,2023-03-01,0.0000,#N/A,#N/A,10000000.0000,0.8676598346,-173531.9669182611,1.0000000000,-173531.9669182611,EUR,#N/A,#N/A,#N/A,#N/A,#N/A,#N/A
Swap_EUR,Swap,8,0,2024-03-01,Interest,-200000.0000,EUR,0.0200000000,1.0000000000,2023-03-01,2024-03-01,0.0000,#N/A,#N/A,10000000.0000,0.8503685771,-170073.7154148751,1.0000000000,-170073.7154148751,EUR,#N/A,#N/A,#N/A,#N/A,#N/A,#N/A
Swap_EUR,Swap,9,0,2025-03-03,Interest,-201111.1111,EUR,0.0200000000,1.0055555556,2024-03-01,2025-03-03,0.0000,#N/A,#N/A,10000000.0000,0.8333768789,-167601.3500956009,1.0000000000,-167601.3500956009,EUR,#N/A,#N/A,#N/A,#N/A,#N/A,#N/A
Swap_EUR,Swap,10,0,2026-03-02,Interest,-199444.4444,EUR,0.0200000000,0.9972222222,2025-03-03,2026-03-02,0.0000,#N/A,#N/A,10000000.0000,0.8168582121,-162917.8323095341,1.0000000000,-162917.8323095341,EUR,#N/A,#N/A,#N/A,#N/A,#N/A,#N/A
Swap_EUR,Swap,11,0,2027-03-01,Interest,-199444.4444,EUR,0.0200000000,0.9972222222,2026-03-02,2027-03-01,0.0000,#N/A,#N/A,10000000.0000,0.8006673857,-159688.6619259508,1.0000000000,-159688.6619259508,EUR,#N/A,#N/A,#N/A,#N/A,#N/A,#N/A
Swap_EUR,Swap,12,0,2028-03-01,Interest,-200000.0000,EUR,0.0200000000,1.0000000000,2027-03-01,2028-03-01,0.0000,#N/A,#N/A,10000000.0000,0.7847111687,-156942.2337469099,1.0000000000,-156942.2337469099,EUR,#N/A,#N/A,#N/A,#N/A,#N/A,#N/A
Swap_EUR,Swap,13,0,2029-03-01,Interest,-200000.0000,EUR,0.0200000000,1.0000000000,2028-03-01,2029-03-01,0.0000,#N/A,#N/A,10000000.0000,0.7691155100,-153823.1020026288,1.0000000000,-153823.1020026288,EUR,#N/A,#N/A,#N/A,#N/A,#N/A,#N/A
Swap_EUR,Swap,14,0,2030-03-01,Interest,-200000.0000,EUR,0.0200000000,1.0000000000,2029-03-01,2030-03-01,0.0000,#N/A,#N/A,10000000.0000,0.7538298056,-150765.9611106882,1.0000000000,-150765.9611106882,EUR,#N/A,#N/A,#N/A,#N/A,#N/A,#N/A
Swap_EUR,Swap,15,0,2031-03-03,Interest,-201111.1111,EUR,0.0200000000,1.0055555556,2030-03-01,2031-03-03,0.0000,#N/A,#N/A,10000000.0000,0.7387666215,-148574.1761085513,1.0000000000,-148574.1761085513,EUR,#N/A,#N/A,#N/A,#N/A,#N/A,#N/A
Swap_EUR,Swap,16,0,2032-03-01,Interest,-198888.8889,EUR,0.0200000000,0.9944444444,2031-03-03,2032-03-01,0.0000,#N/A,#N/A,10000000.0000,0.7241237880,-144020.1756106502,1.0000000000,-144020.1756106502,EUR,#N/A,#N/A,#N/A,#N/A,#N/A,#N/A
Swap_EUR,Swap,17,0,2033-03-01,Interest,-200000.0000,EUR,0.0200000000,1.0000000000,2032-03-01,2033-03-01,0.0000,#N/A,#N/A,10000000.0000,0.7097321491,-141946.4298230309,1.0000000000,-141946.4298230309,EUR,#N/A,#N/A,#N/A,#N/A,#N/A,#N/A
Swap_EUR,Swap,18,0,2034-03-01,Interest,-200000.0000,EUR,0.0200000000,1.0000000000,2033-03-01,2034-03-01,0.0000,#N/A,#N/A,10000000.0000,0.6956265377,-139125.3075356776,1.0000000000,-139125.3075356776,EUR,#N/A,#N/A,#N/A,#N/A,#N/A,#N/A
Swap_EUR,Swap,19,0,2035-03-01,Interest,-200000.0000,EUR,0.0200000000,1.0000000000,2034-03-01,2035-03-01,0.0000,#N/A,#N/A,10000000.0000,0.6818012690,-136360.2538015815,1.0000000000,-136360.2538015815,EUR,#N/A,#N/A,#N/A,#N/A,#N/A,#N/A
Swap_EUR,Swap,20,0,2036-03-03,Interest,-201111.1111,EUR,0.0200000000,1.0055555556,2035-03-01,2036-03-03,0.0000,#N/A,#N/A,10000000.0000,0.6681405205,-134370.4824609222,1.0000000000,-134370.4824609222,EUR,#N/A,#N/A,#N/A,#N/A,#N/A,#N/A
Swap_EUR,Swap,1,1,2016-09-01,InterestProjected,101885.7067,EUR,0.0199341600,0.5111111111,2016-03-01,2016-09-01,0.0000,2016-02-26,0.0199341600,10000000.0000,0.9885199378,100716.0524146940,1.0000000000,100716.0524146940,EUR,#N/A,#N/A,#N/A,#N/A,#N/A,#N/A
Swap_EUR,Swap,2,1,2017-03-01,InterestProjected,97860.7573,EUR,0.0194640180,0.5027777778,2016-09-01,2017-03-01,0.0000,2016-08-30,0.0194640180,10000000.0000,0.9787692200,95783.0970425345,1.0000000000,95783.0970425345,EUR,#N/A,#N/A,#N/A,#N/A,#N/A,#N/A
Swap_EUR,Swap,3,1,2017-09-01,InterestProjected,99490.8011,EUR,0.0194655915,0.5111111111,2017-03-01,2017-09-01,0.0000,2017-02-27,0.0194655915,10000000.0000,0.9688752068,96394.1704446073,1.0000000000,96394.1704446073,EUR,#N/A,#N/A,#N/A,#N/A,#N/A,#N/A
Swap_EUR,Swap,4,1,2018-03-01,InterestProjected,97951.0984,EUR,0.0194819864,0.5027777778,2017-09-01,2018-03-01,0.0000,2017-08-30,0.0194819864,10000000.0000,0.9593251213,93966.9493264017,1.0000000000,93966.9493264017,EUR,#N/A,#N/A,#N/A,#N/A,#N/A,#N/A
Swap_EUR,Swap,5,1,2018-09-03,InterestProjected,101418.0728,EUR,0.0196293044,0.5166666667,2018-03-01,2018-09-03,0.0000,2018-02-27,0.0196293044,10000000.0000,0.9495612180,96302.6686952052,1.0000000000,96302.6686952052,EUR,#N/A,#N/A,#N/A,#N/A,#N/A,#N/A
Swap_EUR,Swap,6,1,2019-03-01,InterestProjected,97582.3910,EUR,0.0196255088,0.4972222222,2018-09-03,2019-03-01,0.0000,2018-08-30,0.0196255088,10000000.0000,0.9402586043,91752.6827854139,1.0000000000,91752.6827854139,EUR,#N/A,#N/A,#N/A,#N/A,#N/A,#N/A
Swap_EUR,Swap,7,1,2019-09-02,InterestProjected,100866.8732,EUR,0.0196281483,0.5138888889,2019-03-01,2019-09-02,0.0000,2019-02-27,0.0196281483,10000000.0000,0.9307397590,93880.8092606556,1.0000000000,93880.8092606556,EUR,#N/A,#N/A,#N/A,#N/A,#N/A,#N/A
Swap_EUR,Swap,8,1,2020-03-02,InterestProjected,99191.4282,EUR,0.0196202825,0.5055555556,2019-09-02,2020-03-02,0.0000,2019-08-29,0.0196202825,10000000.0000,0.9214693404,91401.8599304867,1.0000000000,91401.8599304867,EUR,#N/A,#N/A,#N/A,#N/A,#N/A,#N/A
Swap_EUR,Swap,9,1,2020-09-01,InterestProjected,99494.9358,EUR,0.0195727742,0.5083333333,2020-03-02,2020-09-01,0.0000,2020-02-27,0.0195727742,10000000.0000,0.9122413063,90763.3901605998,1.0000000000,90763.3901605998,EUR,#N/A,#N/A,#N/A,#N/A,#N/A,#N/A
Swap_EUR,Swap,10,1,2021-03-01,InterestProjected,98432.5128,EUR,0.0195777373,0.5027777778,2020-09-01,2021-03-01,0.0000,2020-08-28,0.0195777373,10000000.0000,0.9032050328,88904.7409224045,1.0000000000,88904.7409224045,EUR,#N/A,#N/A,#N/A,#N/A,#N/A,#N/A
Swap_EUR,Swap,11,1,2021-09-01,InterestProjected,100320.0127,EUR,0.0196278286,0.5111111111,2021-03-01,2021-09-01,0.0000,2021-02-25,0.0196278286,10000000.0000,0.8941107282,89697.1995920664,1.0000000000,89697.1995920664,EUR,#N/A,#N/A,#N/A,#N/A,#N/A,#N/A
Swap_EUR,Swap,12,1,2022-03-01,InterestProjected,98676.3169,EUR,0.0196262288,0.5027777778,2021-09-01,2022-03-01,0.0000,2021-08-30,0.0196262288,10000000.0000,0.8852540479,87353.6089864694,1.0000000000,87353.6089864694,EUR,#N/A,#N/A,#N/A,#N/A,#N/A,#N/A
Swap_EUR,Swap,13,1,2022-09-01,InterestProjected,100320.0127,EUR,0.0196278286,0.5111111111,2022-03-01,2022-09-01,0.0000,2022-02-25,0.0196278286,10000000.0000,0.8763404905,87914.4891181176,1.0000000000,87914.4891181176,EUR,#N/A,#N/A,#N/A,#N/A,#N/A,#N/A
Swap_EUR,Swap,14,1,2023-03-01,InterestProjected,98666.2715,EUR,0.0196242308,0.5027777778,2022-09-01,2023-03-01,0.0000,2022-08-30,0.0196242308,10000000.0000,0.8676598346,85608.7608188545,1.0000000000,85608.7608188545,EUR,#N/A,#N/A,#N/A,#N/A,#N/A,#N/A
Swap_EUR,Swap,15,1,2023-09-01,InterestProjected,100227.5802,EUR,0.0196097440,0.5111111111,2023-03-01,2023-09-01,0.0000,2023-02-27,0.0196097440,10000000.0000,0.8589234320,86087.8172037511,1.0000000000,86087.8172037511,EUR,#N/A,#N/A,#N/A,#N/A,#N/A,#N/A
Swap_EUR,Swap,16,1,2024-03-01,InterestProjected,99132.7680,EUR,0.0196086794,0.5055555556,2023-09-01,2024-03-01,0.0000,2023-08-30,0.0196086794,10000000.0000,0.8503685771,84299.3908319572,1.0000000000,84299.3908319572,EUR,#N/A,#N/A,#N/A,#N/A,#N/A,#N/A
Swap_EUR,Swap,17,1,2024-09-02,InterestProjected,100775.0309,EUR,0.0196102763,0.5138888889,2024-03-01,2024-09-02,0.0000,2024-02-28,0.0196102763,10000000.0000,0.8417604528,84828.4356252686,1.0000000000,84828.4356252686,EUR,#N/A,#N/A,#N/A,#N/A,#N/A,#N/A
Swap_EUR,Swap,18,1,2025-03-03,InterestProjected,99132.7680,EUR,0.0196086794,0.5055555556,2024-09-02,2025-03-03,0.0000,2024-08-29,0.0196086794,10000000.0000,0.8333768789,82614.9567623985,1.0000000000,82614.9567623985,EUR,#N/A,#N/A,#N/A,#N/A,#N/A,#N/A
Swap_EUR,Swap,19,1,2025-09-01,InterestProjected,99132.7680,EUR,0.0196086794,0.5055555556,2025-03-03,2025-09-01,0.0000,2025-02-27,0.0196086794,10000000.0000,0.8250761945,81792.0869373855,1.0000000000,81792.0869373855,EUR,#N/A,#N/A,#N/A,#N/A,#N/A,#N/A
Swap_EUR,Swap,20,1,2026-03-02,InterestProjected,99143.3161,EUR,0.0196107658,0.5055555556,2025-09-01,2026-03-02,0.0000,2025-08-28,0.0196107658,10000000.0000,0.8168582121,80986.0319492443,1.0000000000,80986.0319492443,EUR,#N/A,#N/A,#N/A,#N/A,#N/A,#N/A
Swap_EUR,Swap,21,1,2026-09-01,InterestProjected,99772.0843,EUR,0.0196272953,0.5083333333,2026-03-02,2026-09-01,0.0000,2026-02-26,0.0196272953,10000000.0000,0.8086778035,80683.4699658641,1.0000000000,80683.4699658641,EUR,#N/A,#N/A,#N/A,#N/A,#N/A,#N/A
Swap_EUR,Swap,22,1,2027-03-01,InterestProjected,98676.3168,EUR,0.0196262288,0.5027777778,2026-09-01,2027-03-01,0.0000,2026-08-28,0.0196262288,10000000.0000,0.8006673857,79006.9086254268,1.0000000000,79006.9086254268,EUR,#N/A,#N/A,#N/A,#N/A,#N/A,#N/A
Swap_EUR,Swap,23,1,2027-09-01,InterestProjected,100320.0126,EUR,0.0196278285,0.5111111111,2027-03-01,2027-09-01,0.0000,2027-02-25,0.0196278285,10000000.0000,0.7926055255,79514.1962865472,1.0000000000,79514.1962865472,EUR,#N/A,#N/A,#N/A,#N/A,#N/A,#N/A
Swap_EUR,Swap,24,1,2028-03-01,InterestProjected,99213.4734,EUR,0.0196246431,0.5055555556,2027-09-01,2028-03-01,0.0000,2027-08-30,0.0196246431,10000000.0000,0.7847111687,77853.9206613642,1.0000000000,77853.9206613642,EUR,#N/A,#N/A,#N/A,#N/A,#N/A,#N/A
Swap_EUR,Swap,25,1,2028-09-01,InterestProjected,100226.1427,EUR,0.0196094627,0.5111111111,2028-03-01,2028-09-01,0.0000,2028-02-28,0.0196094627,10000000.0000,0.7768101172,77856.6816360951,1.0000000000,77856.6816360951,EUR,#N/A,#N/A,#N/A,#N/A,#N/A,#N/A
Swap_EUR,Swap,26,1,2029-03-01,InterestProjected,98583.9924,EUR,0.0196078659,0.5027777778,2028-09-01,2029-03-01,0.0000,2028-08-30,0.0196078659,10000000.0000,0.7691155100,75822.4776138447,1.0000000000,75822.4776138447,EUR,#N/A,#N/A,#N/A,#N/A,#N/A,#N/A
Swap_EUR,Swap,27,1,2029-09-03,InterestProjected,101321.0579,EUR,0.0196105273,0.5166666667,2029-03-01,2029-09-03,0.0000,2029-02-27,0.0196105273,10000000.0000,0.7612877427,77134.4794231474,1.0000000000,77134.4794231474,EUR,#N/A,#N/A,#N/A,#N/A,#N/A,#N/A
Swap_EUR,Swap,28,1,2030-03-01,InterestProjected,97489.3739,EUR,0.0196068015,0.4972222222,2029-09-03,2030-03-01,0.0000,2029-08-30,0.0196068015,10000000.0000,0.7538298056,73490.3957897587,1.0000000000,73490.3957897587,EUR,#N/A,#N/A,#N/A,#N/A,#N/A,#N/A
Swap_EUR,Swap,29,1,2030-09-02,InterestProjected,100773.5854,EUR,0.0196099950,0.5138888889,2030-03-01,2030-09-02,0.0000,2030-02-27,0.0196099950,10000000.0000,0.7461986493,75197.1133267699,1.0000000000,75197.1133267699,EUR,#N/A,#N/A,#N/A,#N/A,#N/A,#N/A
Swap_EUR,Swap,30,1,2031-03-03,InterestProjected,99135.6243,EUR,0.0196092444,0.5055555556,2030-09-02,2031-03-03,0.0000,2030-08-29,0.0196092444,10000000.0000,0.7387666215,73238.0902157966,1.0000000000,73238.0902157966,EUR,#N/A,#N/A,#N/A,#N/A,#N/A,#N/A
Swap_EUR,Swap,31,1,2031-09-01,InterestProjected,99168.4231,EUR,0.0196157320,0.5055555556,2031-03-03,2031-09-01,0.0000,2031-02-27,0.0196157320,10000000.0000,0.7314085619,72532.6337037600,1.0000000000,72532.6337037600,EUR,#N/A,#N/A,#N/A,#N/A,#N/A,#N/A
Swap_EUR,Swap,32,1,2032-03-01,InterestProjected,99168.4231,EUR,0.0196157320,0.5055555556,2031-09-01,2032-03-01,0.0000,2031-08-28,0.0196157320,10000000.0000,0.7241237880,71810.2141621501,1.0000000000,71810.2141621501,EUR,#N/A,#N/A,#N/A,#N/A,#N/A,#N/A
Swap_EUR,Swap,33,1,2032-09-01,InterestProjected,100263.6311,EUR,0.0196167974,0.5111111111,2032-03-01,2032-09-01,0.0000,2032-02-26,0.0196167974,10000000.0000,0.7168327151,71872.2508831470,1.0000000000,71872.2508831470,EUR,#N/A,#N/A,#N/A,#N/A,#N/A,#N/A
Swap_EUR,Swap,34,1,2033-03-01,InterestProjected,98620.8636,EUR,0.0196151994,0.5027777778,2032-09-01,2033-03-01,0.0000,2032-08-30,0.0196151994,10000000.0000,0.7097321491,69994.3974734547,1.0000000000,69994.3974734547,EUR,#N/A,#N/A,#N/A,#N/A,#N/A,#N/A
Swap_EUR,Swap,35,1,2033-09-01,InterestProjected,100263.6311,EUR,0.0196167974,0.5111111111,2033-03-01,2033-09-01,0.0000,2033-02-25,0.0196167974,10000000.0000,0.7025859830,70443.8217985869,1.0000000000,70443.8217985869,EUR,#N/A,#N/A,#N/A,#N/A,#N/A,#N/A
Swap_EUR,Swap,36,1,2034-03-01,InterestProjected,98620.8636,EUR,0.0196151994,0.5027777778,2033-09-01,2034-03-01,0.0000,2033-08-30,0.0196151994,10000000.0000,0.6956265377,68603.2898918944,1.0000000000,68603.2898918944,EUR,#N/A,#N/A,#N/A,#N/A,#N/A,#N/A
Swap_EUR,Swap,37,1,2034-09-01,InterestProjected,100263.6311,EUR,0.0196167974,0.5111111111,2034-03-01,2034-09-01,0.0000,2034-02-27,0.0196167974,10000000.0000,0.6886223985,69043.7821080494,1.0000000000,69043.7821080494,EUR,#N/A,#N/A,#N/A,#N/A,#N/A,#N/A
Swap_EUR,Swap,38,1,2035-03-01,InterestProjected,98620.8636,EUR,0.0196151994,0.5027777778,2034-09-01,2035-03-01,0.0000,2034-08-30,0.0196151994,10000000.0000,0.6818012690,67239.8299560520,1.0000000000,67239.8299560520,EUR,#N/A,#N/A,#N/A,#N/A,#N/A,#N/A
Swap_EUR,Swap,39,1,2035-09-03,InterestProjected,101358.9578,EUR,0.0196178628,0.5166666667,2035-03-01,2035-09-03,0.0000,2035-02-27,0.0196178628,10000000.0000,0.6748620961,68403.3187497456,1.0000000000,68403.3187497456,EUR,#N/A,#N/A,#N/A,#N/A,#N/A,#N/A
Swap_EUR,Swap,40,1,2036-03-03,InterestProjected,99162.1885,EUR,0.0196144988,0.5055555556,2035-09-03,2036-03-03,0.0000,2035-08-30,0.0196144988,10000000.0000,0.6681405205,66254.2762732880,1.0000000000,66254.2762732880,EUR,#N/A,#N/A,#N/A,#N/A,#N/A,#N/A
Swap_USD,Swap,1,0,2017-03-01,Interest,-200000.0000,USD,0.0200000000,1.0000000000,2016-03-01,2017-03-01,0.0000,#N/A,#N/A,10000000.0000,0.4395213974,-87904.2794818127,0.8831293157,-77630.8461896173,EUR,#N/A,#N/A,#N/A,#N/A,#N/A,#N/A
Swap_USD,Swap,2,0,2018-03-01,Interest,-200000.0000,USD,0.0200000000,1.0000000000,2017-03-01,2018-03-01,0.0000,#N/A,#N/A,10000000.0000,0.8088907280,-161778.1456059853,0.8831293157,-142871.0230311165,EUR,#N/A,#N/A,#N/A,#N/A,#N/A,#N/A
Swap_USD,Swap,3,0,2019-03-01,Interest,-200000.0000,USD,0.0200000000,1.0000000000,2018-03-01,2019-03-01,0.0000,#N/A,#N/A,10000000.0000,0.7767982149,-155359.6429721742,0.8831293157,-137202.6551920270,EUR,#N/A,#N/A,#N/A,#N/A,#N/A,#N/A
Swap_USD,Swap,4,0,2020-03-02,Interest,-200555.5556,USD,0.0200000000,1.0027777778,2019-03-01,2020-03-02,0.0000,#N/A,#N/A,10000000.0000,0.7452298779,-149459.9921740645,0.8831293157,-131992.5006195722,EUR,#N/A,#N/A,#N/A,#N/A,#N/A,#N/A
Swap_USD,Swap,5,0,2021-03-01,Interest,-199444.4444,USD,0.0200000000,0.9972222222,2020-03-02,2021-03-01,0.0000,#N/A,#N/A,10000000.0000,0.7160040483,-142803.0296307614,0.8831293157,-126113.5418437809,EUR,#N/A,#N/A,#N/A,#N/A,#N/A,#N/A
Swap_USD,Swap,6,0,2022-03-01,Interest,-200000.0000,USD,0.0200000000,1.0000000000,2021-03-01,2022-03-01,0.0000,#N/A,#N/A,10000000.0000,0.6885425295,-137708.5059039693,0.8831293157,-121614.4185909047,EUR,#N/A,#N/A,#N/A,#N/A,#N/A,#N/A
Swap_USD,Swap,7,0,2023-03-01,Interest,-200000.0000,USD,0.0200000000,1.0000000000,2022-03-01,2023-03-01,0.0000,#N/A,#N/A,10000000.0000,0.6623092396,-132461.8479174733,0.8831293157,-116980.9411133552,EUR,#N/A,#N/A,#N/A,#N/A,#N/A,#N/A
Swap_USD,Swap,8,0,2024-03-01,Interest,-200000.0000,USD,0.0200000000,1.0000000000,2023-03-01,2024-03-01,0.0000,#N/A,#N/A,10000000.0000,0.6399256254,-127985.1250837401,0.8831293157,-113027.4159404312,EUR,#N/A,#N/A,#N/A,#N/A,#N/A,#N/A
Swap_USD,Swap,9,0,2025-03-03,Interest,-201111.1111,USD,0.0200000000,1.0055555556,2024-03-01,2025-03-03,0.0000,#N/A,#N/A,10000000.0000,0.6182404172,-124335.0172329820,0.8831293157,-109803.8986918047,EUR,#N/A,#N/A,#N/A,#N/A,#N/A,#N/A
Swap_USD,Swap,10,0,2026-03-02,Interest,-199444.4444,USD,0.0200000000,0.9972222222,2025-03-03,2026-03-02,0.0000,#N/A,#N/A,10000000.0000,0.5975332418,-119174.6854566002,0.8831293157,-105246.6584211239,EUR,#N/A,#N/A,#N/A,#N/A,#N/A,#N/A
Swap_USD,Swap,11,0,2027-03-01,Interest,-199444.4444,USD,0.0200000000,0.9972222222,2026-03-02,2027-03-01,0.0000,#N/A,#N/A,10000000.0000,0.5787023479,-115418.9682837240,0.8831293157,-101929.8744841191,EUR,#N/A,#N/A,#N/A,#N/A,#N/A,#N/A
Swap_USD,Swap,12,0,2028-03-01,Interest,-200000.0000,USD,0.0200000000,1.0000000000,2027-03-01,2028-03-01,0.0000,#N/A,#N/A,10000000.0000,0.5603662968,-112073.2593677796,0.8831293157,-98975.1808585074,EUR,#N/A,#N/A,#N/A,#N/A,#N/A,#N/A
Swap_USD,Swap,13,0,2029-03-01,Interest,-200000.0000,USD,0.0200000000,1.0000000000,2028-03-01,2029-03-01,0.0000,#N/A,#N/A,10000000.0000,0.5426589558,-108531.7911538138,0.8831293157,-95847.6064579836,EUR,#N/A,#N/A,#N/A,#N/A,#N/A,#N/A
Swap_USD,Swap,14,0,2030-03-01,Interest,-200000.0000,USD,0.0200000000,1.0000000000,2029-03-01,2030-03-01,0.0000,#N/A,#N/A,10000000.0000,0.5255111593,-105102.2318571159,0.8831293157,-92818.8621029922,EUR,#N/A,#N/A,#N/A,#N/A,#N/A,#N/A
Swap_USD,Swap,15,0,2031-03-03,Interest,-201111.1111,USD,0.0200000000,1.0055555556,2030-03-01,2031-03-03,0.0000,#N/A,#N/A,10000000.0000,0.5087673375,-102318.7645406298,0.8831293157,-90360.7005163920,EUR,#N/A,#N/A,#N/A,#N/A,#N/A,#N/A
Swap_USD,Swap,16,0,2032-03-01,Interest,-198888.8889,USD,0.0200000000,0.9944444444,2031-03-03,2032-03-01,0.0000,#N/A,#N/A,10000000.0000,0.4919227635,-97837.9718578885,0.8831293157,-86403.5811404983,EUR,#N/A,#N/A,#N/A,#N/A,#N/A,#N/A
Swap_USD,Swap,17,0,2033-03-01,Interest,-200000.0000,USD,0.0200000000,1.0000000000,2032-03-01,2033-03-01,0.0000,#N/A,#N/A,10000000.0000,0.4755918967,-95118.3793432200,0.8831293157,-84001.8292639205,EUR,#N/A,#N/A,#N/A,#N/A,#N/A,#N/A
Swap_USD,Swap,18,0,2034-03-01,Interest,-200000.0000,USD,0.0200000000,1.0000000000,2033-03-01,2034-03-01,0.0000,#N/A,#N/A,10000000.0000,0.4598031825,-91960.6365024955,0.8831293157,-81213.1339897005,EUR,#N/A,#N/A,#N/A,#N/A,#N/A,#N/A
Swap_USD,Swap,19,0,2035-03-01,Interest,-200000.0000,USD,0.0200000000,1.0000000000,2034-03-01,2035-03-01,0.0000,#N/A,#N/A,10000000.0000,0.4445386225,-88907.7245043169,0.8831293157,-78517.0179057267,EUR,#N/A,#N/A,#N/A,#N/A,#N/A,#N/A
Swap_USD,Swap,20,0,2036-03-03,Interest,-201111.1111,USD,0.0200000000,1.0055555556,2035-03-01,2036-03-03,0.0000,#N/A,#N/A,10000000.0000,0.4296092797,-86399.1995797315,0.8831293157,-76301.6660055545,EUR,#N/A,#N/A,#N/A,#N/A,#N/A,#N/A
Swap_USD,Swap,1,1,2016-06-01,InterestProjected,20885.9010,USD,0.0081727439,0.2555555556,2016-03-01,2016-06-01,0.0000,2016-02-26,0.0081727439,10000000.0000,0.7342443851,15335.3555558119,0.8831293157,13543.1020586732,EUR,#N/A,#N/A,#N/A,#N/A,#N/A,#N/A
Swap_USD,Swap,2,1,2016-09-01,InterestProjected,21067.9877,USD,0.0082439952,0.2555555556,2016-06-01,2016-09-01,0.0000,2016-05-27,0.0082439952,10000000.0000,0.5872665180,12372.5237997875,0.8831293157,10926.5384773150,EUR,#N/A,#N/A,#N/A,#N/A,#N/A,#N/A
Swap_USD,Swap,3,1,2016-12-01,InterestProjected,22030.8816,USD,0.0087155136,0.2527777778,2016-09-01,2016-12-01,0.0000,2016-08-30,0.0087155136,10000000.0000,0.4828211403,10636.9753704810,0.8831293157,9393.8247805035,EUR,#N/A,#N/A,#N/A,#N/A,#N/A,#N/A
Swap_USD,Swap,4,1,2017-03-01,InterestProjected,23103.7756,USD,0.0092415102,0.2500000000,2016-12-01,2017-03-01,0.0000,2016-11-29,0.0092415102,10000000.0000,0.4395213974,10154.6037368386,0.8831293157,8967.8282497513,EUR,#N/A,#N/A,#N/A,#N/A,#N/A,#N/A
Swap_USD,Swap,5,1,2017-06-01,InterestProjected,24686.3433,USD,0.0096598735,0.2555555556,2017-03-01,2017-06-01,0.0000,2017-02-27,0.0096598735,10000000.0000,0.5174629595,12774.2682545544,0.8831293157,11281.3307827568,EUR,#N/A,#N/A,#N/A,#N/A,#N/A,#N/A
Swap_USD,Swap,6,1,2017-09-01,InterestProjected,25188.4518,USD,0.0098563507,0.2555555556,2017-06-01,2017-09-01,0.0000,2017-05-30,0.0098563507,10000000.0000,0.6092261175,15345.4627088569,0.8831293157,13552.0279818260,EUR,#N/A,#N/A,#N/A,#N/A,#N/A,#N/A
Swap_USD,Swap,7,1,2017-12-01,InterestProjected,24914.3235,USD,0.0098562159,0.2527777778,2017-09-01,2017-12-01,0.0000,2017-08-30,0.0098562159,10000000.0000,0.7159902600,17838.4129799069,0.8831293157,15753.6254488787,EUR,#N/A,#N/A,#N/A,#N/A,#N/A,#N/A
Swap_USD,Swap,8,1,2018-03-01,InterestProjected,25847.0750,USD,0.0103388300,0.2500000000,2017-12-01,2018-03-01,0.0000,2017-11-29,0.0103388300,10000000.0000,0.8088907280,20907.4593478589,0.8831293157,18463.9902677903,EUR,#N/A,#N/A,#N/A,#N/A,#N/A,#N/A
Swap_USD,Swap,9,1,2018-06-01,InterestProjected,30741.5713,USD,0.0120293105,0.2555555556,2018-03-01,2018-06-01,0.0000,2018-02-27,0.0120293105,10000000.0000,0.8006876253,24614.3957540844,0.8831293157,21737.6944797215,EUR,#N/A,#N/A,#N/A,#N/A,#N/A,#N/A
Swap_USD,Swap,10,1,2018-09-04,InterestProjected,31745.6034,USD,0.0120299129,0.2638888889,2018-06-01,2018-09-04,0.0000,2018-05-30,0.0120299129,10000000.0000,0.7923043227,25152.1787919698,0.8831293157,22212.6264459872,EUR,#N/A,#N/A,#N/A,#N/A,#N/A,#N/A
Swap_USD,Swap,11,1,2018-12-03,InterestProjected,30072.2725,USD,0.0120289090,0.2500000000,2018-09-04,2018-12-03,0.0000,2018-08-31,0.0120289090,10000000.0000,0.7844432279,23589.9904865848,0.8831293157,20833.0121567915,EUR,#N/A,#N/A,#N/A,#N/A,#N/A,#N/A
Swap_USD,Swap,12,1,2019-03-01,InterestProjected,30563.4718,USD,0.0125032385,0.2444444444,2018-12-03,2019-03-01,0.0000,2018-11-29,0.0125032385,10000000.0000,0.7767982149,23741.6503092858,0.8831293157,20966.9473922391,EUR,#N/A,#N/A,#N/A,#N/A,#N/A,#N/A
Swap_USD,Swap,13,1,2019-06-03,InterestProjected,37473.7550,USD,0.0143516508,0.2611111111,2019-03-01,2019-06-03,0.0000,2019-02-27,0.0143516508,10000000.0000,0.7685743559,28801.3671021658,0.8831293157,25435.3316213864,EUR,#N/A,#N/A,#N/A,#N/A,#N/A,#N/A
Swap_USD,Swap,14,1,2019-09-03,InterestProjected,36674.9808,USD,0.0143510794,0.2555555556,2019-06-03,2019-09-03,0.0000,2019-05-30,0.0143510794,10000000.0000,0.7606097850,27895.3492456208,0.8831293157,24635.2006916853,EUR,#N/A,#N/A,#N/A,#N/A,#N/A,#N/A
Swap_USD,Swap,15,1,2019-12-02,InterestProjected,35876.2701,USD,0.0143505081,0.2500000000,2019-09-03,2019-12-02,0.0000,2019-08-30,0.0143505081,10000000.0000,0.7528982262,27011.1801509643,0.8831293157,23854.3650441205,EUR,#N/A,#N/A,#N/A,#N/A,#N/A,#N/A
Swap_USD,Swap,16,1,2020-03-02,InterestProjected,37600.9049,USD,0.0148750833,0.2527777778,2019-12-02,2020-03-02,0.0000,2019-11-28,0.0148750833,10000000.0000,0.7452298779,28021.3177617689,0.8831293157,24746.4471811562,EUR,#N/A,#N/A,#N/A,#N/A,#N/A,#N/A
Swap_USD,Swap,17,1,2020-06-01,InterestProjected,42019.7935,USD,0.0166232150,0.2527777778,2020-03-02,2020-06-01,0.0000,2020-02-27,0.0166232150,10000000.0000,0.7378026609,31002.3154846379,0.8831293157,27379.0536603837,EUR,#N/A,#N/A,#N/A,#N/A,#N/A,#N/A
Swap_USD,Swap,18,1,2020-09-01,InterestProjected,42482.5290,USD,0.0166235983,0.2555555556,2020-06-01,2020-09-01,0.0000,2020-05-28,0.0166235983,10000000.0000,0.7303690703,31027.9251806021,0.8831293157,27401.6703336570,EUR,#N/A,#N/A,#N/A,#N/A,#N/A,#N/A
Swap_USD,Swap,19,1,2020-12-01,InterestProjected,42019.7935,USD,0.0166232150,0.2527777778,2020-09-01,2020-12-01,0.0000,2020-08-27,0.0166232150,10000000.0000,0.7230899613,30384.0908818074,0.8831293157,26833.0813899108,EUR,#N/A,#N/A,#N/A,#N/A,#N/A,#N/A
Swap_USD,Swap,20,1,2021-03-01,InterestProjected,42821.5539,USD,0.0171286216,0.2500000000,2020-12-01,2021-03-01,0.0000,2020-11-27,0.0171286216,10000000.0000,0.7160040483,30660.4059417782,0.8831293157,27077.1033197521,EUR,#N/A,#N/A,#N/A,#N/A,#N/A,#N/A
Swap_USD,Swap,21,1,2021-06-01,InterestProjected,48300.9662,USD,0.0189003781,0.2555555556,2021-03-01,2021-06-01,0.0000,2021-02-25,0.0189003781,10000000.0000,0.7089806805,34244.4518833623,0.8831293157,30242.2793597333,EUR,#N/A,#N/A,#N/A,#N/A,#N/A,#N/A
Swap_USD,Swap,22,1,2021-09-01,InterestProjected,48300.9662,USD,0.0189003781,0.2555555556,2021-06-01,2021-09-01,0.0000,2021-05-27,0.0189003781,10000000.0000,0.7020262057,33908.5440331566,0.8831293157,29945.6292898286,EUR,#N/A,#N/A,#N/A,#N/A,#N/A,#N/A
Swap_USD,Swap,23,1,2021-12-01,InterestProjected,47774.7036,USD,0.0188998827,0.2527777778,2021-09-01,2021-12-01,0.0000,2021-08-27,0.0188998827,10000000.0000,0.6952144345,33213.6635400251,0.8831293157,29331.9599554065,EUR,#N/A,#N/A,#N/A,#N/A,#N/A,#N/A
Swap_USD,Swap,24,1,2022-03-01,InterestProjected,47539.9848,USD,0.0190159939,0.2500000000,2021-12-01,2022-03-01,0.0000,2021-11-29,0.0190159939,10000000.0000,0.6885425295,32733.3013837524,0.8831293157,28907.7380530287,EUR,#N/A,#N/A,#N/A,#N/A,#N/A,#N/A
Swap_USD,Swap,25,1,2022-06-01,InterestProjected,49642.1515,USD,0.0194251897,0.2555555556,2022-03-01,2022-06-01,0.0000,2022-02-25,0.0194251897,10000000.0000,0.6817885350,33845.4497336791,0.8831293157,29889.9088643038,EUR,#N/A,#N/A,#N/A,#N/A,#N/A,#N/A
Swap_USD,Swap,26,1,2022-09-01,InterestProjected,49642.1515,USD,0.0194251897,0.2555555556,2022-06-01,2022-09-01,0.0000,2022-05-30,0.0194251897,10000000.0000,0.6751007912,33513.4557424187,0.8831293157,29596.7152379713,EUR,#N/A,#N/A,#N/A,#N/A,#N/A,#N/A
Swap_USD,Swap,27,1,2022-12-01,InterestProjected,49101.2403,USD,0.0194246665,0.2527777778,2022-09-01,2022-12-01,0.0000,2022-08-30,0.0194246665,10000000.0000,0.6685502777,32826.6478591012,0.8831293157,28990.1750619305,EUR,#N/A,#N/A,#N/A,#N/A,#N/A,#N/A
Swap_USD,Swap,28,1,2023-03-01,InterestProjected,49410.5182,USD,0.0197642073,0.2500000000,2022-12-01,2023-03-01,0.0000,2022-11-29,0.0197642073,10000000.0000,0.6623092396,32725.0427236854,0.8831293157,28900.4445882148,EUR,#N/A,#N/A,#N/A,#N/A,#N/A,#N/A
Swap_USD,Swap,29,1,2023-06-01,InterestProjected,53553.9036,USD,0.0209558753,0.2555555556,2023-03-01,2023-06-01,0.0000,2023-02-27,0.0209558753,10000000.0000,0.6566101438,35164.0363736181,0.8831293157,31054.3913813804,EUR,#N/A,#N/A,#N/A,#N/A,#N/A,#N/A
Swap_USD,Swap,30,1,2023-09-01,InterestProjected,53553.9036,USD,0.0209558753,0.2555555556,2023-06-01,2023-09-01,0.0000,2023-05-30,0.0209558753,10000000.0000,0.6509600880,34861.4538328501,0.8831293157,30787.1718691962,EUR,#N/A,#N/A,#N/A,#N/A,#N/A,#N/A
Swap_USD,Swap,31,1,2023-12-01,InterestProjected,52970.2570,USD,0.0209552665,0.2527777778,2023-09-01,2023-12-01,0.0000,2023-08-30,0.0209552665,10000000.0000,0.6454192757,34188.0249131704,0.8831293157,30192.4470481583,EUR,#N/A,#N/A,#N/A,#N/A,#N/A,#N/A
Swap_USD,Swap,32,1,2024-03-01,InterestProjected,54263.4775,USD,0.0214668702,0.2527777778,2023-12-01,2024-03-01,0.0000,2023-11-29,0.0214668702,10000000.0000,0.6399256254,34724.5897901725,0.8831293157,30666.3032208367,EUR,#N/A,#N/A,#N/A,#N/A,#N/A,#N/A
Swap_USD,Swap,33,1,2024-06-03,InterestProjected,60512.3029,USD,0.0231749245,0.2611111111,2024-03-01,2024-06-03,0.0000,2024-02-28,0.0231749245,10000000.0000,0.6342999595,38382.9512548987,0.8831293157,33897.1094779193,EUR,#N/A,#N/A,#N/A,#N/A,#N/A,#N/A
Swap_USD,Swap,34,1,2024-09-03,InterestProjected,59221.0023,USD,0.0231734357,0.2555555556,2024-06-03,2024-09-03,0.0000,2024-05-30,0.0231734357,10000000.0000,0.6288418804,37240.6464446706,0.8831293157,32888.3066124931,EUR,#N/A,#N/A,#N/A,#N/A,#N/A,#N/A
Swap_USD,Swap,35,1,2024-12-02,InterestProjected,57929.8675,USD,0.0231719470,0.2500000000,2024-09-03,2024-12-02,0.0000,2024-08-30,0.0231719470,10000000.0000,0.6235479037,36122.0474319307,0.8831293157,31900.4390317818,EUR,#N/A,#N/A,#N/A,#N/A,#N/A,#N/A
Swap_USD,Swap,36,1,2025-03-03,InterestProjected,58877.7141,USD,0.0232922825,0.2527777778,2024-12-02,2025-03-03,0.0000,2024-11-28,0.0232922825,10000000.0000,0.6182404172,36400.5825178524,0.8831293157,32146.4215316222,EUR,#N/A,#N/A,#N/A,#N/A,#N/A,#N/A
Swap_USD,Swap,37,1,2025-06-02,InterestProjected,59885.4461,USD,0.0236909457,0.2527777778,2025-03-03,2025-06-02,0.0000,2025-02-27,0.0236909457,10000000.0000,0.6129781067,36708.4673453346,0.8831293157,32418.3236486440,EUR,#N/A,#N/A,#N/A,#N/A,#N/A,#N/A
Swap_USD,Swap,38,1,2025-09-02,InterestProjected,60545.5161,USD,0.0236917237,0.2555555556,2025-06-02,2025-09-02,0.0000,2025-05-29,0.0236917237,10000000.0000,0.6077034996,36793.7220206868,0.8831293157,32493.6145517517,EUR,#N/A,#N/A,#N/A,#N/A,#N/A,#N/A
Swap_USD,Swap,39,1,2025-12-01,InterestProjected,59225.4193,USD,0.0236901677,0.2500000000,2025-09-02,2025-12-01,0.0000,2025-08-29,0.0236901677,10000000.0000,0.6025874788,35688.4961223994,0.8831293157,31517.5571604561,EUR,#N/A,#N/A,#N/A,#N/A,#N/A,#N/A
Swap_USD,Swap,40,1,2026-03-02,InterestProjected,60349.6448,USD,0.0238745848,0.2527777778,2025-12-01,2026-03-02,0.0000,2025-11-27,0.0238745848,10000000.0000,0.5975332418,36060.9189081729,0.8831293157,31846.4546404232,EUR,#N/A,#N/A,#N/A,#N/A,#N/A,#N/A
Swap_USD,Swap,41,1,2026-06-01,InterestProjected,61897.1287,USD,0.0244867762,0.2527777778,2026-03-02,2026-06-01,0.0000,2026-02-26,0.0244867762,10000000.0000,0.5927688375,36690.6890066940,0.8831293157,32402.6230766053,EUR,#N/A,#N/A,#N/A,#N/A,#N/A,#N/A
Swap_USD,Swap,42,1,2026-09-01,InterestProjected,62579.4408,USD,0.0244876073,0.2555555556,2026-06-01,2026-09-01,0.0000,2026-05-28,0.0244876073,10000000.0000,0.5879906932,36796.1287679663,0.8831293157,32495.7400208298,EUR,#N/A,#N/A,#N/A,#N/A,#N/A,#N/A
Swap_USD,Swap,43,1,2026-12-01,InterestProjected,61897.1287,USD,0.0244867762,0.2527777778,2026-09-01,2026-12-01,0.0000,2026-08-27,0.0244867762,10000000.0000,0.5833023760,36104.7422187137,0.8831293157,31885.1562906747,EUR,#N/A,#N/A,#N/A,#N/A,#N/A,#N/A
Swap_USD,Swap,44,1,2027-03-01,InterestProjected,61214.8628,USD,0.0244859451,0.2500000000,2026-12-01,2027-03-01,0.0000,2026-11-27,0.0244859451,10000000.0000,0.5787023479,35425.1848419075,0.8831293157,31285.0192494880,EUR,#N/A,#N/A,#N/A,#N/A,#N/A,#N/A
Swap_USD,Swap,45,1,2027-06-01,InterestProjected,62579.4408,USD,0.0244876073,0.2555555556,2027-03-01,2027-06-01,0.0000,2027-02-25,0.0244876073,10000000.0000,0.5740375897,35922.9513517886,0.8831293157,31724.6114467589,EUR,#N/A,#N/A,#N/A,#N/A,#N/A,#N/A
Swap_USD,Swap,46,1,2027-09-01,InterestProjected,62579.4408,USD,0.0244876073,0.2555555556,2027-06-01,2027-09-01,0.0000,2027-05-27,0.0244876073,10000000.0000,0.5694104328,35633.3864584818,0.8831293157,31468.8882006698,EUR,#N/A,#N/A,#N/A,#N/A,#N/A,#N/A
Swap_USD,Swap,47,1,2027-12-01,InterestProjected,61897.1287,USD,0.0244867762,0.2527777778,2027-09-01,2027-12-01,0.0000,2027-08-27,0.0244867762,10000000.0000,0.5648702644,34963.8474355856,0.8831293157,30877.5986615165,EUR,#N/A,#N/A,#N/A,#N/A,#N/A,#N/A
Swap_USD,Swap,48,1,2028-03-01,InterestProjected,62092.9165,USD,0.0245642307,0.2527777778,2027-12-01,2028-03-01,0.0000,2027-11-29,0.0245642307,10000000.0000,0.5603662968,34794.7776918842,0.8831293157,30728.2882144487,EUR,#N/A,#N/A,#N/A,#N/A,#N/A,#N/A
Swap_USD,Swap,49,1,2028-06-01,InterestProjected,63437.2644,USD,0.0248232774,0.2555555556,2028-03-01,2028-06-01,0.0000,2028-02-28,0.0248232774,10000000.0000,0.5558493404,35261.5615905639,0.8831293157,31140.5187594894,EUR,#N/A,#N/A,#N/A,#N/A,#N/A,#N/A
Swap_USD,Swap,50,1,2028-09-01,InterestProjected,63437.2644,USD,0.0248232774,0.2555555556,2028-06-01,2028-09-01,0.0000,2028-05-30,0.0248232774,10000000.0000,0.5513687939,34977.3279756847,0.8831293157,30889.5037216701,EUR,#N/A,#N/A,#N/A,#N/A,#N/A,#N/A
Swap_USD,Swap,51,1,2028-12-01,InterestProjected,62745.5702,USD,0.0248224234,0.2527777778,2028-09-01,2028-12-01,0.0000,2028-08-30,0.0248224234,10000000.0000,0.5469724797,34320.1001318107,0.8831293157,30309.0865456226,EUR,#N/A,#N/A,#N/A,#N/A,#N/A,#N/A
Swap_USD,Swap,52,1,2029-03-01,InterestProjected,62053.9235,USD,0.0248215694,0.2500000000,2028-12-01,2029-03-01,0.0000,2028-11-29,0.0248215694,10000000.0000,0.5426589558,33674.1173547747,0.8831293157,29738.6002177574,EUR,#N/A,#N/A,#N/A,#N/A,#N/A,#N/A
Swap_USD,Swap,53,1,2029-06-01,InterestProjected,63437.2644,USD,0.0248232774,0.2555555556,2029-03-01,2029-06-01,0.0000,2029-02-27,0.0248232774,10000000.0000,0.5382847333,34147.3109633203,0.8831293157,30156.4913654860,EUR,#N/A,#N/A,#N/A,#N/A,#N/A,#N/A
Swap_USD,Swap,54,1,2029-09-04,InterestProjected,65512.6324,USD,0.0248258396,0.2638888889,2029-06-01,2029-09-04,0.0000,2029-05-30,0.0248258396,10000000.0000,0.5338048726,34970.9623680374,0.8831293157,30883.8820669442,EUR,#N/A,#N/A,#N/A,#N/A,#N/A,#N/A
Swap_USD,Swap,55,1,2029-12-03,InterestProjected,62053.9235,USD,0.0248215694,0.2500000000,2029-09-04,2029-12-03,0.0000,2029-08-31,0.0248215694,10000000.0000,0.5295951908,32863.4594821417,0.8831293157,29022.6844853976,EUR,#N/A,#N/A,#N/A,#N/A,#N/A,#N/A
Swap_USD,Swap,56,1,2030-03-01,InterestProjected,60670.7728,USD,0.0248198616,0.2444444444,2029-12-03,2030-03-01,0.0000,2029-11-29,0.0248198616,10000000.0000,0.5255111593,31883.1681612908,0.8831293157,28156.9604819862,EUR,#N/A,#N/A,#N/A,#N/A,#N/A,#N/A
Swap_USD,Swap,57,1,2030-06-03,InterestProjected,64820.7955,USD,0.0248249855,0.2611111111,2030-03-01,2030-06-03,0.0000,2030-02-27,0.0248249855,10000000.0000,0.5211834537,33783.5260664758,0.8831293157,29835.2222584582,EUR,#N/A,#N/A,#N/A,#N/A,#N/A,#N/A
Swap_USD,Swap,58,1,2030-09-03,InterestProjected,63437.2644,USD,0.0248232774,0.2555555556,2030-06-03,2030-09-03,0.0000,2030-05-30,0.0248232774,10000000.0000,0.5169823392,32795.9453570332,0.8831293157,28963.0607822876,EUR,#N/A,#N/A,#N/A,#N/A,#N/A,#N/A
Swap_USD,Swap,59,1,2030-12-02,InterestProjected,62053.9235,USD,0.0248215694,0.2500000000,2030-09-03,2030-12-02,0.0000,2030-08-30,0.0248215694,10000000.0000,0.5129053229,31827.7876977832,0.8831293157,28108.0523711432,EUR,#N/A,#N/A,#N/A,#N/A,#N/A,#N/A
Swap_USD,Swap,60,1,2031-03-03,InterestProjected,62958.0978,USD,0.0249065002,0.2527777778,2030-12-02,2031-03-03,0.0000,2030-11-28,0.0249065002,10000000.0000,0.5087673375,32031.0237943113,0.8831293157,28287.5361260043,EUR,#N/A,#N/A,#N/A,#N/A,#N/A,#N/A
Swap_USD,Swap,61,1,2031-06-02,InterestProjected,63666.5555,USD,0.0251867692,0.2527777778,2031-03-03,2031-06-02,0.0000,2031-02-27,0.0251867692,10000000.0000,0.5045028762,32119.9603757785,0.8831293157,28366.0786283399,EUR,#N/A,#N/A,#N/A,#N/A,#N/A,#N/A
Swap_USD,Swap,62,1,2031-09-02,InterestProjected,64368.4349,USD,0.0251876484,0.2555555556,2031-06-02,2031-09-02,0.0000,2031-05-29,0.0251876484,10000000.0000,0.5002278875,32198.8862183383,0.8831293157,28435.7803536742,EUR,#N/A,#N/A,#N/A,#N/A,#N/A,#N/A
Swap_USD,Swap,63,1,2031-12-01,InterestProjected,62964.7251,USD,0.0251858900,0.2500000000,2031-09-02,2031-12-01,0.0000,2031-08-29,0.0251858900,10000000.0000,0.4960808876,31235.5966954018,0.8831293157,27585.0711364212,EUR,#N/A,#N/A,#N/A,#N/A,#N/A,#N/A
Swap_USD,Swap,64,1,2032-03-01,InterestProjected,63666.5555,USD,0.0251867692,0.2527777778,2031-12-01,2032-03-01,0.0000,2031-11-27,0.0251867692,10000000.0000,0.4919227635,31319.0279312069,0.8831293157,27658.7517066094,EUR,#N/A,#N/A,#N/A,#N/A,#N/A,#N/A
Swap_USD,Swap,65,1,2032-06-01,InterestProjected,64368.4349,USD,0.0251876484,0.2555555556,2032-03-01,2032-06-01,0.0000,2032-02-26,0.0251876484,10000000.0000,0.4877543745,31395.9857057094,0.8831293157,27726.7153733468,EUR,#N/A,#N/A,#N/A,#N/A,#N/A,#N/A
Swap_USD,Swap,66,1,2032-09-01,InterestProjected,64368.4349,USD,0.0251876484,0.2555555556,2032-06-01,2032-09-01,0.0000,2032-05-27,0.0251876484,10000000.0000,0.4836213069,31129.9466176279,0.8831293157,27491.7684555286,EUR,#N/A,#N/A,#N/A,#N/A,#N/A,#N/A
Swap_USD,Swap,67,1,2032-12-01,InterestProjected,63666.5555,USD,0.0251867692,0.2527777778,2032-09-01,2032-12-01,0.0000,2032-08-27,0.0251867692,10000000.0000,0.4795676184,30532.4183984676,0.8831293157,26964.0737682047,EUR,#N/A,#N/A,#N/A,#N/A,#N/A,#N/A
Swap_USD,Swap,68,1,2033-03-01,InterestProjected,62964.7251,USD,0.0251858900,0.2500000000,2032-12-01,2033-03-01,0.0000,2032-11-29,0.0251858900,10000000.0000,0.4755918967,29945.5130165182,0.8831293157,26445.7604198381,EUR,#N/A,#N/A,#N/A,#N/A,#N/A,#N/A
Swap_USD,Swap,69,1,2033-06-01,InterestProjected,64368.4349,USD,0.0251876484,0.2555555556,2033-03-01,2033-06-01,0.0000,2033-02-25,0.0251876484,10000000.0000,0.4715618900,30353.7008205563,0.8831293157,26806.2430359127,EUR,#N/A,#N/A,#N/A,#N/A,#N/A,#N/A
Swap_USD,Swap,70,1,2033-09-01,InterestProjected,64368.4349,USD,0.0251876484,0.2555555556,2033-06-01,2033-09-01,0.0000,2033-05-27,0.0251876484,10000000.0000,0.4675660321,30096.4937061854,0.8831293157,26579.0958929942,EUR,#N/A,#N/A,#N/A,#N/A,#N/A,#N/A
Swap_USD,Swap,71,1,2033-12-01,InterestProjected,63666.5555,USD,0.0251867692,0.2527777778,2033-09-01,2033-12-01,0.0000,2033-08-30,0.0251867692,10000000.0000,0.4636469181,29518.8022469563,0.8831293157,26068.9196298949,EUR,#N/A,#N/A,#N/A,#N/A,#N/A,#N/A
Swap_USD,Swap,72,1,2034-03-01,InterestProjected,62964.7251,USD,0.0251858900,0.2500000000,2033-12-01,2034-03-01,0.0000,2033-11-29,0.0251858900,10000000.0000,0.4598031825,28951.3809676686,0.8831293157,25567.8132637798,EUR,#N/A,#N/A,#N/A,#N/A,#N/A,#N/A
Swap_USD,Swap,73,1,2034-06-01,InterestProjected,64368.4349,USD,0.0251876484,0.2555555556,2034-03-01,2034-06-01,0.0000,2034-02-27,0.0251876484,10000000.0000,0.4559069640,29346.0177406150,0.8831293157,25916.3285670388,EUR,#N/A,#N/A,#N/A,#N/A,#N/A,#N/A
Swap_USD,Swap,74,1,2034-09-01,InterestProjected,64368.4349,USD,0.0251876484,0.2555555556,2034-06-01,2034-09-01,0.0000,2034-05-30,0.0251876484,10000000.0000,0.4520437608,29097.3493958245,0.8831293157,25696.7222618571,EUR,#N/A,#N/A,#N/A,#N/A,#N/A,#N/A
Swap_USD,Swap,75,1,2034-12-01,InterestProjected,63666.5555,USD,0.0251867692,0.2527777778,2034-09-01,2034-12-01,0.0000,2034-08-30,0.0251867692,10000000.0000,0.4482547536,28538.8361551703,0.8831293157,25203.4828458050,EUR,#N/A,#N/A,#N/A,#N/A,#N/A,#N/A
Swap_USD,Swap,76,1,2035-03-01,InterestProjected,62964.7251,USD,0.0251858900,0.2500000000,2034-12-01,2035-03-01,0.0000,2034-11-29,0.0251858900,10000000.0000,0.4445386225,27990.2521447114,0.8831293157,24719.0122240211,EUR,#N/A,#N/A,#N/A,#N/A,#N/A,#N/A
Swap_USD,Swap,77,1,2035-06-01,InterestProjected,64368.4349,USD,0.0251876484,0.2555555556,2035-03-01,2035-06-01,0.0000,2035-02-27,0.0251876484,10000000.0000,0.4407717508,28371.7877541071,0.8831293157,25055.9575056781,EUR,#N/A,#N/A,#N/A,#N/A,#N/A,#N/A
Swap_USD,Swap,78,1,2035-09-04,InterestProjected,66474.3668,USD,0.0251902864,0.2638888889,2035-06-01,2035-09-04,0.0000,2035-05-30,0.0251902864,10000000.0000,0.4369155407,29043.6839314966,0.8831293157,25649.3287170662,EUR,#N/A,#N/A,#N/A,#N/A,#N/A,#N/A
Swap_USD,Swap,79,1,2035-12-03,InterestProjected,62964.7251,USD,0.0251858900,0.2500000000,2035-09-04,2035-12-03,0.0000,2035-08-31,0.0251858900,10000000.0000,0.4332934142,27282.2006941623,0.8831293157,24093.7112309872,EUR,#N/A,#N/A,#N/A,#N/A,#N/A,#N/A
Swap_USD,Swap,80,1,2036-03-03,InterestProjected,63071.7350,USD,0.0249514556,0.2527777778,2035-12-03,2036-03-03,0.0000,2035-11-29,0.0249514556,10000000.0000,0.4296092797,27096.2026229090,0.8831293157,23929.4508815918,EUR,#N/A,#N/A,#N/A,#N/A,#N/A,#N/A
