#Tenor,Date,USD,USD-FedFunds
1M,2023-02-28,0.996443704752685,0.996443704752685
2M,2023-03-31,0.992459576884363,0.992459576884363
3M,2023-05-02,0.988252218884291,0.988252218884291
4M,2023-05-31,0.984366331409243,0.984366331409243
5M,2023-06-30,0.980349600355428,0.980349600355428
6M,2023-07-31,0.976219664171392,0.976219664171392
7M,2023-08-31,0.972136031013064,0.972136031013064
8M,2023-10-02,0.967972437150815,0.967972437150815
9M,2023-10-31,0.964253318759187,0.964253318759187
10M,2023-11-30,0.960514477990248,0.960514477990248
11M,2024-01-02,0.956507953769820,0.956507953769820
1Y,2024-01-31,0.953109964814017,0.953109964814017
1Y1M,2024-02-29,0.950291379344267,0.950291379344267
1Y2M,2024-04-02,0.947259962998113,0.947259962998113
1Y3M,2024-04-30,0.944695436789060,0.944695436789060
1Y4M,2024-05-31,0.941864237783434,0.941864237783434
1Y5M,2024-07-01,0.939041523721735,0.939041523721735
1Y6M,2024-07-31,0.936317919797179,0.936317919797179
1Y7M,2024-09-02,0.933331078593560,0.933331078593560
1Y8M,2024-09-30,0.930804262190171,0.930804262190171
1Y9M,2024-10-31,0.928014694252273,0.928014694252273
1Y10M,2024-12-02,0.925143909021504,0.925143909021504
1Y11M,2024-12-31,0.922549931514968,0.922549931514968
2Y,2025-01-31,0.919785101341104,0.919785101341104
2Y1M,2025-02-28,0.917728429726481,0.917728429726481
2Y2M,2025-03-31,0.915514226911484,0.915514226911484
2Y3M,2025-04-30,0.913376536617225,0.913376536617225
2Y4M,2025-06-02,0.911030841939454,0.911030841939454
2Y5M,2025-06-30,0.909045280303149,0.909045280303149
2Y6M,2025-07-31,0.906852027317397,0.906852027317397
2Y7M,2025-09-01,0.904593574552649,0.904593574552649
2Y8M,2025-09-30,0.902551710403413,0.902551710403413
2Y9M,2025-10-31,0.900374124449743,0.900374124449743
2Y10M,2025-12-01,0.898201792356358,0.898201792356358
2Y11M,2025-12-31,0.896104525926885,0.896104525926885
3Y,2026-02-02,0.893803188490543,0.893803188490543
3Y1M,2026-03-02,0.891912817620164,0.891912817620164
3Y2M,2026-03-31,0.889959148217231,0.889959148217231
3Y3M,2026-04-30,0.887942614050386,0.887942614050386
3Y4M,2026-06-01,0.885796680303253,0.885796680303253
3Y5M,2026-06-30,0.883856407849108,0.883856407849108
3Y6M,2026-07-31,0.881787023053581,0.881787023053581
3Y7M,2026-08-31,0.879722483336275,0.879722483336275
3Y8M,2026-09-30,0.877729144149254,0.877729144149254
3Y9M,2026-11-02,0.875541687383425,0.875541687383425
3Y10M,2026-11-30,0.873689939120558,0.873689939120558
3Y11M,2026-12-31,0.871644357213854,0.871644357213854
4Y,2027-02-01,0.869537812250198,0.869537812250198
4Y1M,2027-03-01,0.867645420014053,0.867645420014053
4Y2M,2027-03-31,0.865620315142413,0.865620315142413
4Y3M,2027-04-30,0.863599936913300,0.863599936913300
4Y4M,2027-05-31,0.861517166625407,0.861517166625407
4Y5M,2027-06-30,0.859506365241696,0.859506365241696
4Y6M,2027-08-02,0.857299904010473,0.857299904010473
4Y7M,2027-08-31,0.855365569119582,0.855365569119582
4Y8M,2027-09-30,0.853369125709520,0.853369125709520
4Y9M,2027-11-01,0.851244721881174,0.851244721881174
4Y10M,2027-11-30,0.849324049362118,0.849324049362118
4Y11M,2027-12-31,0.847275708667320,0.847275708667320
5Y,2028-01-31,0.845232308018204,0.845232308018204
5Y1M,2028-02-29,0.843292117509877,0.843292117509877
5Y2M,2028-03-31,0.841220432240065,0.841220432240065
5Y3M,2028-05-02,0.839087256617337,0.839087256617337
5Y4M,2028-05-31,0.837158738993494,0.837158738993494
5Y5M,2028-06-30,0.835168384948286,0.835168384948286
5Y6M,2028-07-31,0.833116656958678,0.833116656958678
5Y7M,2028-08-31,0.831069969375076,0.831069969375076
5Y8M,2028-10-02,0.828962533402876,0.828962533402876
5Y9M,2028-10-31,0.827057285953859,0.827057285953859
5Y10M,2028-11-30,0.825090948223579,0.825090948223579
5Y11M,2029-01-02,0.822933375904911,0.822933375904911
6Y,2029-01-31,0.821041985580287,0.821041985580287
6Y1M,2029-02-28,0.819219940536386,0.819219940536386
6Y2M,2029-04-03,0.817012892381112,0.817012892381112
6Y3M,2029-04-30,0.815264473012764,0.815264473012764
6Y4M,2029-05-31,0.813261642244311,0.813261642244311
6Y5M,2029-07-02,0.811199364815415,0.811199364815415
6Y6M,2029-07-31,0.809334943375143,0.809334943375143
6Y7M,2029-08-31,0.807346679467867,0.807346679467867
6Y8M,2029-10-01,0.805363300056680,0.805363300056680
6Y9M,2029-10-31,0.803448540014806,0.803448540014806
6Y10M,2029-11-30,0.801538332335844,0.801538332335844
6Y11M,2029-12-31,0.799569222081152,0.799569222081152
7Y,2030-01-31,0.797604949268461,0.797604949268461
7Y1M,2030-02-28,0.795773747133626,0.795773747133626
7Y2M,2030-04-01,0.793674472151296,0.793674472151296
7Y3M,2030-04-30,0.791776788105913,0.791776788105913
7Y4M,2030-05-31,0.789753246580279,0.789753246580279
7Y5M,2030-07-01,0.787734876613559,0.787734876613559
7Y6M,2030-07-31,0.785786526919125,0.785786526919125
7Y7M,2030-09-02,0.783648907700292,0.783648907700292
7Y8M,2030-09-30,0.781839731031553,0.781839731031553
7Y9M,2030-10-31,0.779841585612416,0.779841585612416
7Y10M,2030-12-02,0.777784340149427,0.777784340149427
7Y11M,2030-12-31,0.775924649577485,0.775924649577485
8Y,2031-01-31,0.773941621314004,0.773941621314004
8Y1M,2031-02-28,0.772154855441571,0.772154855441571
8Y2M,2031-03-31,0.770181461629480,0.770181461629480
8Y3M,2031-04-30,0.768276527799617,0.768276527799617
8Y4M,2031-06-02,0.766186542014748,0.766186542014748
8Y5M,2031-06-30,0.764417679961736,0.764417679961736
8Y6M,2031-07-31,0.762464060025452,0.762464060025452
8Y7M,2031-09-01,0.760452656995504,0.760452656995504
8Y8M,2031-09-30,0.758634406661034,0.758634406661034
8Y9M,2031-10-31,0.756695567018708,0.756695567018708
8Y10M,2031-12-01,0.754761682462951,0.754761682462951
8Y11M,2031-12-31,0.752894887254240,0.752894887254240
9Y,2032-02-02,0.750846745009977,0.750846745009977
9Y1M,2032-03-01,0.749113297289291,0.749113297289291
9Y2M,2032-03-31,0.747260472554471,0.747260472554471
9Y3M,2032-04-30,0.745412230516969,0.745412230516969
9Y4M,2032-05-31,0.743507182749940,0.743507182749940
9Y5M,2032-06-30,0.741668223938636,0.741668223938636
9Y6M,2032-08-02,0.739650622217079,0.739650622217079
9Y7M,2032-08-31,0.737882109767467,0.737882109767467
9Y8M,2032-09-30,0.736057063770679,0.736057063770679
9Y9M,2032-11-01,0.734115323187873,0.734115323187873
9Y10M,2032-11-30,0.732360045696701,0.732360045696701
9Y11M,2032-12-31,0.730488355358661,0.730488355358661
10Y,2033-01-31,0.728621448493917,0.728621448493917
10Y1M,2033-02-28,0.726856028353006,0.726856028353006
10Y2M,2033-03-31,0.724899371857792,0.724899371857792
10Y3M,2033-05-02,0.722885122068454,0.722885122068454
10Y4M,2033-05-31,0.721064543064060,0.721064543064060
10Y5M,2033-06-30,0.719186010330555,0.719186010330555
10Y6M,2033-08-01,0.717187636037458,0.717187636037458
10Y7M,2033-08-31,0.715319203504864,0.715319203504864
10Y8M,2033-09-30,0.713455638652572,0.713455638652572
10Y9M,2033-10-31,0.711535055270220,0.711535055270220
10Y10M,2033-11-30,0.709681348961655,0.709681348961655
10Y11M,2034-01-02,0.707647849396653,0.707647849396653
11Y,2034-01-31,0.705865645312234,0.705865645312234
11Y1M,2034-02-28,0.704149155634369,0.704149155634369
11Y2M,2034-03-31,0.702253624793009,0.702253624793009
11Y3M,2034-05-02,0.700302299863349,0.700302299863349
11Y4M,2034-05-31,0.698538595472515,0.698538595472515
11Y5M,2034-06-30,0.696718747818330,0.696718747818330
11Y6M,2034-07-31,0.694843219226588,0.694843219226588
11Y7M,2034-08-31,0.692972739454774,0.692972739454774
11Y8M,2034-10-02,0.691047202961499,0.691047202961499
11Y9M,2034-10-31,0.689306807440345,0.689306807440345
11Y10M,2034-11-30,0.687511010637328,0.687511010637328
11Y11M,2035-01-02,0.685541037292092,0.685541037292092
12Y,2035-01-31,0.683814508994521,0.683814508994521
12Y1M,2035-02-28,0.682151642195353,0.682151642195353
12Y2M,2035-04-02,0.680197025423052,0.680197025423052
12Y3M,2035-04-30,0.678542955444145,0.678542955444145
12Y4M,2035-05-31,0.676716355086904,0.676716355086904
12Y5M,2035-07-02,0.674835989578817,0.674835989578817
12Y6M,2035-07-31,0.673136421837651,0.673136421837651
12Y7M,2035-08-31,0.671324375571847,0.671324375571847
12Y8M,2035-10-01,0.669517207235038,0.669517207235038
12Y9M,2035-10-31,0.667772966720741,0.667772966720741
12Y10M,2035-11-30,0.666033270339050,0.666033270339050
12Y11M,2035-12-31,0.664240345366837,0.664240345366837
13Y,2036-01-31,0.662452246850146,0.662452246850146
13Y1M,2036-02-29,0.660783867442118,0.660783867442118
13Y2M,2036-03-31,0.659005073574104,0.659005073574104
13Y3M,2036-04-30,0.657288219494726,0.657288219494726
13Y4M,2036-06-02,0.655404845625060,0.655404845625060
13Y5M,2036-06-30,0.653811064060808,0.653811064060808
13Y6M,2036-07-31,0.652051040596413,0.652051040596413
13Y7M,2036-09-01,0.650239211641737,0.650239211641737
13Y8M,2036-09-30,0.648601590641651,0.648601590641651
13Y9M,2036-10-31,0.646855590793495,0.646855590793495
13Y10M,2036-12-01,0.645114291081006,0.645114291081006
13Y11M,2036-12-31,0.643433625564578,0.643433625564578
14Y,2037-02-02,0.641589950231123,0.641589950231123
14Y1M,2037-03-02,0.640029763056259,0.640029763056259
14Y2M,2037-03-31,0.638417854451095,0.638417854451095
14Y3M,2037-04-30,0.636754634634262,0.636754634634262
14Y4M,2037-06-01,0.634985309209982,0.634985309209982
14Y5M,2037-06-30,0.633386105011757,0.633386105011757
14Y6M,2037-07-31,0.631681064414986,0.631681064414986
14Y7M,2037-08-31,0.629980613693827,0.629980613693827
14Y8M,2037-09-30,0.628339374756647,0.628339374756647
14Y9M,2037-11-02,0.626538950034888,0.626538950034888
14Y10M,2037-11-30,0.625015363148833,0.625015363148833
14Y11M,2037-12-31,0.623332856129272,0.623332856129272
15Y,2038-02-01,0.621600825280731,0.621600825280731
15Y1M,2038-03-01,0.620179744695735,0.620179744695735
15Y2M,2038-03-31,0.618664346022365,0.618664346022365
15Y3M,2038-04-30,0.617152650199917,0.617152650199917
15Y4M,2038-05-31,0.615594444956637,0.615594444956637
15Y5M,2038-06-30,0.614090250385305,0.614090250385305
15Y6M,2038-08-02,0.612439881183224,0.612439881183224
15Y7M,2038-08-31,0.610993218654342,0.610993218654342
15Y8M,2038-09-30,0.609500267101336,0.609500267101336
15Y9M,2038-11-01,0.607911806134948,0.607911806134948
15Y10M,2038-11-30,0.606475839507332,0.606475839507332
15Y11M,2038-12-31,0.604944591391105,0.604944591391105
16Y,2039-01-31,0.603417209415358,0.603417209415358
16Y1M,2039-02-28,0.602040953508837,0.602040953508837
16Y2M,2039-03-31,0.600520902723795,0.600520902723795
16Y3M,2039-05-02,0.598955843502388,0.598955843502388
16Y4M,2039-05-31,0.597541032021504,0.597541032021504
16Y5M,2039-06-30,0.596080950658070,0.596080950658070
16Y6M,2039-08-01,0.594527462704027,0.594527462704027
16Y7M,2039-08-31,0.593074744946040,0.593074744946040
16Y8M,2039-09-30,0.591625576879222,0.591625576879222
16Y9M,2039-10-31,0.590131823144788,0.590131823144788
16Y10M,2039-11-30,0.588689846057410,0.588689846057410
16Y11M,2040-01-02,0.587107740510381,0.587107740510381
17Y,2040-01-31,0.585720915787322,0.585720915787322
17Y1M,2040-02-29,0.584337366924346,0.584337366924346
17Y2M,2040-04-03,0.582719436489693,0.582719436489693
17Y3M,2040-04-30,0.581437801243861,0.581437801243861
17Y4M,2040-05-31,0.579969769906321,0.579969769906321
17Y5M,2040-07-02,0.578458270419106,0.578458270419106
17Y6M,2040-07-31,0.577091876867595,0.577091876867595
17Y7M,2040-08-31,0.575634818248308,0.575634818248308
17Y8M,2040-10-01,0.574181438453667,0.574181438453667
17Y9M,2040-10-31,0.572778435860390,0.572778435860390
17Y10M,2040-11-30,0.571378861480121,0.571378861480121
17Y11M,2040-12-31,0.569936227250860,0.569936227250860
18Y,2041-01-31,0.568497235427119,0.568497235427119
18Y1M,2041-02-28,0.567200623951858,0.567200623951858
18Y2M,2041-04-01,0.565722403022533,0.565722403022533
18Y3M,2041-04-30,0.564386093243653,0.564386093243653
18Y4M,2041-05-31,0.562961114562216,0.562961114562216
18Y5M,2041-07-01,0.561539733709052,0.561539733709052
18Y6M,2041-07-31,0.560167620906618,0.560167620906618
18Y7M,2041-09-02,0.558662168916512,0.558662168916512
18Y8M,2041-09-30,0.557387988966513,0.557387988966513
18Y9M,2041-10-31,0.555980679305495,0.555980679305495
18Y10M,2041-12-02,0.554531699452964,0.554531699452964
18Y11M,2041-12-31,0.553221823569104,0.553221823569104
19Y,2042-01-31,0.551825032765559,0.551825032765559
19Y1M,2042-02-28,0.550566446751008,0.550566446751008
19Y2M,2042-03-31,0.549176360321299,0.549176360321299
19Y3M,2042-04-30,0.547834457211765,0.547834457211765
19Y4M,2042-06-02,0.546362150632311,0.546362150632311
19Y5M,2042-06-30,0.545116024195785,0.545116024195785
19Y6M,2042-07-31,0.543739699153961,0.543739699153961
19Y7M,2042-09-01,0.542322621369747,0.542322621369747
19Y8M,2042-09-30,0.541041584913753,0.541041584913753
19Y9M,2042-10-31,0.539675547136597,0.539675547136597
19Y10M,2042-12-01,0.538312958371976,0.538312958371976
19Y11M,2042-12-31,0.536997599800607,0.536997599800607
20Y,2043-02-02,0.535554417304637,0.535554417304637
20Y1M,2043-03-02,0.534615013768462,0.534615013768462
20Y2M,2043-03-31,0.533643797180708,0.533643797180708
20Y3M,2043-04-30,0.532640947012335,0.532640947012335
20Y4M,2043-06-01,0.531573317334223,0.531573317334223
20Y5M,2043-06-30,0.530607626491081,0.530607626491081
20Y6M,2043-07-31,0.529577276190694,0.529577276190694
20Y7M,2043-08-31,0.528548926656388,0.528548926656388
20Y8M,2043-09-30,0.527555651024044,0.527555651024044
20Y9M,2043-11-02,0.526465203631775,0.526465203631775
20Y10M,2043-11-30,0.525541743273716,0.525541743273716
20Y11M,2043-12-31,0.524521230062044,0.524521230062044
21Y,2044-02-01,0.523469875608063,0.523469875608063
21Y1M,2044-02-29,0.522551669285162,0.522551669285162
21Y2M,2044-03-31,0.521536962291641,0.521536962291641
21Y3M,2044-05-02,0.520491589527309,0.520491589527309
21Y4M,2044-05-31,0.519546030475437,0.519546030475437
21Y5M,2044-06-30,0.518569673536796,0.518569673536796
21Y6M,2044-08-01,0.517530248429242,0.517530248429242
21Y7M,2044-08-31,0.516557679649247,0.516557679649247
21Y8M,2044-09-30,0.515586938569247,0.515586938569247
21Y9M,2044-10-31,0.514585755905244,0.514585755905244
21Y10M,2044-11-30,0.513618720563170,0.513618720563170
21Y11M,2045-01-02,0.512557080538328,0.512557080538328
22Y,2045-01-31,0.511625935834253,0.511625935834253
22Y1M,2045-02-28,0.510728504690392,0.510728504690392
22Y2M,2045-03-31,0.509736756283563,0.509736756283563
22Y3M,2045-05-02,0.508715035944402,0.508715035944402
22Y4M,2045-05-31,0.507790870949733,0.507790870949733
22Y5M,2045-06-30,0.506836604896008,0.506836604896008
22Y6M,2045-07-31,0.505852413900573,0.505852413900573
22Y7M,2045-08-31,0.504870134037653,0.504870134037653
22Y8M,2045-10-02,0.503858168394166,0.503858168394166
22Y9M,2045-10-31,0.502942826702636,0.502942826702636
22Y10M,2045-11-30,0.501997671336631,0.501997671336631
22Y11M,2046-01-02,0.500960051797210,0.500960051797210
23Y,2046-01-31,0.500049975013773,0.500049975013773
23Y1M,2046-02-28,0.499172848993310,0.499172848993310
23Y2M,2046-04-02,0.498141068307387,0.498141068307387
23Y3M,2046-04-30,0.497267290655740,0.497267290655740
23Y4M,2046-05-31,0.496301681650667,0.496301681650667
23Y5M,2046-07-02,0.495306890680129,0.495306890680129
23Y6M,2046-07-31,0.494407083798787,0.494407083798787
23Y7M,2046-08-31,0.493447028831853,0.493447028831853
23Y8M,2046-10-01,0.492488838129348,0.492488838129348
23Y9M,2046-10-31,0.491563328422594,0.491563328422594
23Y10M,2046-11-30,0.490639557980064,0.490639557980064
23Y11M,2046-12-31,0.489686818911292,0.489686818911292
24Y,2047-01-31,0.488735929900711,0.488735929900711
24Y1M,2047-02-28,0.487878649583400,0.487878649583400
24Y2M,2047-04-01,0.486900741804184,0.486900741804184
24Y3M,2047-04-30,0.486016206082494,0.486016206082494
24Y4M,2047-05-31,0.485072444781433,0.485072444781433
24Y5M,2047-07-01,0.484130516105256,0.484130516105256
24Y6M,2047-07-31,0.483220713776145,0.483220713776145
24Y7M,2047-09-02,0.482221905847152,0.482221905847152
24Y8M,2047-09-30,0.481376051627793,0.481376051627793
24Y9M,2047-10-31,0.480441300722169,0.480441300722169
24Y10M,2047-12-02,0.479478300423152,0.479478300423152
24Y11M,2047-12-31,0.478607248793762,0.478607248793762
25Y,2048-01-31,0.477677874435118,0.477677874435118
25Y1M,2048-03-02,0.476750304764347,0.476750304764347
25Y2M,2048-03-31,0.475884208990231,0.475884208990231
25Y3M,2048-04-30,0.474989903534732,0.474989903534732
25Y4M,2048-06-01,0.474037830058854,0.474037830058854
25Y5M,2048-06-30,0.473176661943632,0.473176661943632
25Y6M,2048-07-31,0.472257832866497,0.472257832866497
25Y7M,2048-08-31,0.471340788000082,0.471340788000082
25Y8M,2048-09-30,0.470455020769011,0.470455020769011
25Y9M,2048-11-02,0.469482599282137,0.469482599282137
25Y10M,2048-11-30,0.468659090783864,0.468659090783864
25Y11M,2048-12-31,0.467749034066131,0.467749034066131
26Y,2049-02-01,0.466811474245622,0.466811474245622
26Y1M,2049-03-01,0.465992651105594,0.465992651105594
26Y2M,2049-03-31,0.465116934361408,0.465116934361408
26Y3M,2049-04-30,0.464242863308017,0.464242863308017
26Y4M,2049-05-31,0.463341382157387,0.463341382157387
26Y5M,2049-06-30,0.462470647810683,0.462470647810683
26Y6M,2049-08-02,0.461514729869273,0.461514729869273
26Y7M,2049-08-31,0.460676312036630,0.460676312036630
26Y8M,2049-09-30,0.459810586023262,0.459810586023262
26Y9M,2049-11-01,0.458888938090069,0.458888938090069
26Y10M,2049-11-30,0.458055290442449,0.458055290442449
26Y11M,2049-12-31,0.457165824512187,0.457165824512187
27Y,2050-01-31,0.456278085774378,0.456278085774378
27Y1M,2050-02-28,0.455477739005860,0.455477739005860
27Y2M,2050-03-31,0.454593278244699,0.454593278244699
27Y3M,2050-05-02,0.453682087924003,0.453682087924003
27Y4M,2050-05-31,0.452857899380825,0.452857899380825
27Y5M,2050-06-30,0.452006866120357,0.452006866120357
27Y6M,2050-08-01,0.451100860024342,0.451100860024342
27Y7M,2050-08-31,0.450253128680291,0.450253128680291
27Y8M,2050-09-30,0.449406990435467,0.449406990435467
27Y9M,2050-10-31,0.448534318041643,0.448534318041643
27Y10M,2050-11-30,0.447691409871913,0.447691409871913
27Y11M,2051-01-02,0.446766040331299,0.446766040331299
28Y,2051-01-31,0.445954415932358,0.445954415932358
28Y1M,2051-02-28,0.445172177672784,0.445172177672784
28Y2M,2051-04-04,0.444196309090131,0.444196309090131
28Y3M,2051-05-02,0.443417154684842,0.443417154684842
28Y4M,2051-05-31,0.442611614090520,0.442611614090520
28Y5M,2051-06-30,0.441779836162884,0.441779836162884
28Y6M,2051-07-31,0.440921974413128,0.440921974413128
28Y7M,2051-08-31,0.440065778485851,0.440065778485851
28Y8M,2051-10-02,0.439183707199240,0.439183707199240
28Y9M,2051-10-31,0.438385857362408,0.438385857362408
28Y10M,2051-11-30,0.437562020688598,0.437562020688598
28Y11M,2052-01-02,0.436657588400763,0.436657588400763
29Y,2052-01-31,0.435864327676501,0.435864327676501
29Y1M,2052-02-29,0.435072508041534,0.435072508041534
29Y2M,2052-04-01,0.434200445305237,0.434200445305237
29Y3M,2052-04-30,0.433411648387773,0.433411648387773
29Y4M,2052-05-31,0.432570036243860,0.432570036243860
29Y5M,2052-07-01,0.431730058368439,0.431730058368439
29Y6M,2052-07-31,0.430918729605668,0.430918729605668
29Y7M,2052-09-02,0.430028028872833,0.430028028872833
29Y8M,2052-09-30,0.429273726718049,0.429273726718049
29Y9M,2052-10-31,0.428440149718417,0.428440149718417
29Y10M,2052-12-02,0.427581380932991,0.427581380932991
29Y11M,2052-12-31,0.426804608640627,0.426804608640627
30Y,2053-01-31,0.425975826250846,0.425975826250846
