use ORE

INSERT ConventionsAverageOIS (Id,SpotLag,FixedTenor,FixedDayCounter,FixedCalendar,FixedConvention,FixedPaymentConvention,IndexName,OnTenor,RateCutoff) VALUES ('USD-AVERAGE-OIS-CONVENTIONS',2,'6M','30/360','US','MF','MF','USD-FedFunds','3M',2)
INSERT ConventionsCDS (Id,SettlementDays,Calendar,Frequency,PaymentConvention,RuleName,DayCounter,SettlesAccrual,PaysAtDefaultTime) VALUES ('CDS-STANDARD-CONVENTIONS',0,'WeekendsOnly','Quarterly','ModifiedFollowing','TwentiethIMM','A360','true','true')
INSERT ConventionsCrossCurrencyBasis (Id,SettlementDays,SettlementCalendar,RollConvention,FlatIndex,SpreadIndex) VALUES ('EUR-CHF-XCCY-BASIS-CONVENTIONS',2,'ZUB,TARGET,UK','MF','EUR-EURIBOR-3M','CHF-LIBOR-3M')
INSERT ConventionsCrossCurrencyBasis (Id,SettlementDays,SettlementCalendar,RollConvention,FlatIndex,SpreadIndex) VALUES ('EUR-GBP-XCCY-BASIS-CONVENTIONS',2,'UK,TARGET','MF','EUR-EURIBOR-3M','GBP-LIBOR-3M')
INSERT ConventionsCrossCurrencyBasis (Id,SettlementDays,SettlementCalendar,RollConvention,FlatIndex,SpreadIndex) VALUES ('EUR-USD-XCCY-BASIS-CONVENTIONS',2,'TARGET,US,UK','MF','USD-LIBOR-3M','EUR-EURIBOR-3M')
INSERT ConventionsCrossCurrencyBasis (Id,SettlementDays,SettlementCalendar,RollConvention,FlatIndex,SpreadIndex) VALUES ('USD-CHF-XCCY-BASIS-CONVENTIONS',2,'ZUB,US,UK','MF','USD-LIBOR-3M','CHF-LIBOR-3M')
INSERT ConventionsCrossCurrencyBasis (Id,SettlementDays,SettlementCalendar,RollConvention,FlatIndex,SpreadIndex) VALUES ('USD-GBP-XCCY-BASIS-CONVENTIONS',2,'UK,US','MF','USD-LIBOR-3M','GBP-LIBOR-3M')
INSERT ConventionsDeposit (Id,IndexBased,IndexName) VALUES ('AUD-BBSW-CONVENTIONS','true','AUD-BBSW')
INSERT ConventionsDeposit (Id,IndexBased,IndexName) VALUES ('CAD-DEPOSIT','true','CAD-CDOR')
INSERT ConventionsDeposit (Id,IndexBased,IndexName) VALUES ('CHF-LIBOR-CONVENTIONS','true','CHF-LIBOR')
INSERT ConventionsDeposit (Id,IndexBased,IndexName) VALUES ('CHF-TOIS-CONVENTIONS','true','CHF-TOIS')
INSERT ConventionsDeposit (Id,IndexBased,IndexName) VALUES ('CZK-DEPOSIT','true','CZK-PRIBOR')
INSERT ConventionsDeposit (Id,IndexBased,IndexName) VALUES ('DKK-DEPOSIT','true','DKK-CIBOR')
INSERT ConventionsDeposit (Id,IndexBased,IndexName) VALUES ('EUR-DEPOSIT','true','EUR-EURIBOR')
INSERT ConventionsDeposit (Id,IndexBased,IndexName) VALUES ('EUR-EONIA-CONVENTIONS','true','EUR-EONIA')
INSERT ConventionsDeposit (Id,IndexBased,IndexName) VALUES ('EUR-EURIBOR-CONVENTIONS','true','EUR-EURIBOR')
INSERT ConventionsDeposit (Id,IndexBased,IndexName) VALUES ('GBP-DEPOSIT','true','GBP-LIBOR')
INSERT ConventionsDeposit (Id,IndexBased,IndexName) VALUES ('HUF-DEPOSIT','true','HUF-BUBOR')
INSERT ConventionsDeposit (Id,IndexBased,IndexName) VALUES ('JPY-LIBOR-CONVENTIONS','true','JPY-LIBOR')
INSERT ConventionsDeposit (Id,IndexBased,IndexName) VALUES ('JPY-TIBOR-CONVENTIONS','true','JPY-TIBOR')
INSERT ConventionsDeposit (Id,IndexBased,IndexName) VALUES ('NOK-DEPOSIT','true','NOK-NIBOR')
INSERT ConventionsDeposit (Id,IndexBased,IndexName) VALUES ('NZD-DEPOSIT','true','NZD-BKBM')
INSERT ConventionsDeposit (Id,IndexBased,IndexName) VALUES ('PLN-DEPOSIT','true','PLN-WIBOR')
INSERT ConventionsDeposit (Id,IndexBased,IndexName) VALUES ('SEK-STIBOR-CONVENTIONS','true','SEK-STIBOR')
INSERT ConventionsDeposit (Id,IndexBased,IndexName) VALUES ('SGD-DEPOSIT','true','SGD-SIBOR')
INSERT ConventionsDeposit (Id,IndexBased,IndexName) VALUES ('USD-FED-FUNDS-CONVENTIONS','true','USD-FedFunds')
INSERT ConventionsDeposit (Id,IndexBased,IndexName) VALUES ('USD-LIBOR-CONVENTIONS','true','USD-LIBOR')
INSERT ConventionsFRA (Id,IndexName) VALUES ('AUD-3M-FRA-CONVENTIONS','AUD-BBSW-3M')
INSERT ConventionsFRA (Id,IndexName) VALUES ('CAD-FRA-3M','CAD-CDOR-3M')
INSERT ConventionsFRA (Id,IndexName) VALUES ('CHF-3M-FRA-CONVENTIONS','CHF-LIBOR-3M')
INSERT ConventionsFRA (Id,IndexName) VALUES ('CHF-6M-FRA-CONVENTIONS','CHF-LIBOR-6M')
INSERT ConventionsFRA (Id,IndexName) VALUES ('CZK-3M-FRA','CZK-PRIBOR-3M')
INSERT ConventionsFRA (Id,IndexName) VALUES ('CZK-6M-FRA','CZK-PRIBOR-6M')
INSERT ConventionsFRA (Id,IndexName) VALUES ('EUR-12M-FRA-CONVENTIONS','EUR-EURIBOR-12M')
INSERT ConventionsFRA (Id,IndexName) VALUES ('EUR-3M-FRA-CONVENTIONS','EUR-EURIBOR-3M')
INSERT ConventionsFRA (Id,IndexName) VALUES ('EUR-6M-FRA-CONVENTIONS','EUR-EURIBOR-6M')
INSERT ConventionsFRA (Id,IndexName) VALUES ('GBP-3M-FRA','GBP-LIBOR-3M')
INSERT ConventionsFRA (Id,IndexName) VALUES ('GBP-6M-FRA','GBP-LIBOR-6M')
INSERT ConventionsFRA (Id,IndexName) VALUES ('HUF-6M-FRA','HUF-BUBOR-6M')
INSERT ConventionsFRA (Id,IndexName) VALUES ('NZD-3M-FRA','NZD-BKBM-3M')
INSERT ConventionsFRA (Id,IndexName) VALUES ('PLN-3M-FRA','PLN-WIBOR-3M')
INSERT ConventionsFRA (Id,IndexName) VALUES ('PLN-6M-FRA','PLN-WIBOR-6M')
INSERT ConventionsFRA (Id,IndexName) VALUES ('SEK-3M-FRA','SEK-STIBOR-3M')
INSERT ConventionsFRA (Id,IndexName) VALUES ('USD-3M-FRA-CONVENTIONS','USD-LIBOR-3M')
INSERT ConventionsFRA (Id,IndexName) VALUES ('USD-6M-FRA-CONVENTIONS','USD-LIBOR-6M')
INSERT ConventionsFX (Id,SpotDays,SourceCurrency,TargetCurrency,PointsFactor,AdvanceCalendar,SpotRelative) VALUES ('CHF-USD-FX-CONVENTIONS',2,'CHF','USD',10000,'ZUB,US','true')
INSERT ConventionsFX (Id,SpotDays,SourceCurrency,TargetCurrency,PointsFactor,AdvanceCalendar,SpotRelative) VALUES ('EUR-CHF-FX-CONVENTIONS',2,'EUR','CHF',10000,'TARGET,ZUB','true')
INSERT ConventionsFX (Id,SpotDays,SourceCurrency,TargetCurrency,PointsFactor,AdvanceCalendar,SpotRelative) VALUES ('EUR-GBP-FX-CONVENTIONS',2,'EUR','GBP',10000,'TARGET,UK','true')
INSERT ConventionsFX (Id,SpotDays,SourceCurrency,TargetCurrency,PointsFactor,AdvanceCalendar,SpotRelative) VALUES ('EUR-USD-FX-CONVENTIONS',2,'EUR','USD',10000,'TARGET,US','true')
INSERT ConventionsFX (Id,SpotDays,SourceCurrency,TargetCurrency,PointsFactor,AdvanceCalendar,SpotRelative) VALUES ('GBP-USD-FX-CONVENTIONS',2,'GBP','USD',10000,'UK,US','true')
INSERT ConventionsFX (Id,SpotDays,SourceCurrency,TargetCurrency,PointsFactor,AdvanceCalendar,SpotRelative) VALUES ('USD-CHF-FX-CONVENTIONS',2,'USD','CHF',10000,'ZUB,US','true')
INSERT ConventionsFX (Id,SpotDays,SourceCurrency,TargetCurrency,PointsFactor,AdvanceCalendar,SpotRelative) VALUES ('USD-GBP-FX-CONVENTIONS',2,'USD','GBP',10000,'UK,US','true')
INSERT ConventionsFuture (Id,IndexName) VALUES ('AUD-BBSW-3M-FUTURES-CONVENTIONS','AUD-BBSW-3M')
INSERT ConventionsFuture (Id,IndexName) VALUES ('EURIBOR-3M-FUTURES-CONVENTIONS','EUR-EURIBOR-3M')
INSERT ConventionsFuture (Id,IndexName) VALUES ('JPY-LIBOR-3M-FUTURES-CONVENTIONS','JPY-LIBOR-3M')
INSERT ConventionsFuture (Id,IndexName) VALUES ('SEK-STIBOR-3M-FUTURES-CONVENTIONS','SEK-STIBOR-3M')
INSERT ConventionsFuture (Id,IndexName) VALUES ('USD-LIBOR-3M-FUTURES-CONVENTIONS','USD-LIBOR-3M')
INSERT ConventionsInflationSwap (Id,FixCalendar,FixConvention,DayCounter,IndexName,Interpolated,ObservationLag,AdjustInflationObservationDates,InflationCalendar,InflationConvention) VALUES ('EUHICPXT_INFLATIONSWAP','TARGET','MF','30/360','EUHICPXT','false','3M','false','TARGET','MF')
INSERT ConventionsInflationSwap (Id,FixCalendar,FixConvention,DayCounter,IndexName,Interpolated,ObservationLag,AdjustInflationObservationDates,InflationCalendar,InflationConvention) VALUES ('EUHICP_INFLATIONSWAP','TARGET','MF','30/360','EUHICP','false','3M','false','TARGET','MF')
INSERT ConventionsInflationSwap (Id,FixCalendar,FixConvention,DayCounter,IndexName,Interpolated,ObservationLag,AdjustInflationObservationDates,InflationCalendar,InflationConvention) VALUES ('FRHICP_INFLATIONSWAP','TARGET','MF','30/360','FRHICP','false','3M','false','TARGET','MF')
INSERT ConventionsInflationSwap (Id,FixCalendar,FixConvention,DayCounter,IndexName,Interpolated,ObservationLag,AdjustInflationObservationDates,InflationCalendar,InflationConvention) VALUES ('UKRPI_INFLATIONSWAP','UK','MF','30/360','UKRPI','false','3M','false','UK','MF')
INSERT ConventionsInflationSwap (Id,FixCalendar,FixConvention,DayCounter,IndexName,Interpolated,ObservationLag,AdjustInflationObservationDates,InflationCalendar,InflationConvention) VALUES ('USCPI_INFLATIONSWAP','US','MF','30/360','USCPI','false','3M','false','US','MF')
INSERT ConventionsInflationSwap (Id,FixCalendar,FixConvention,DayCounter,IndexName,Interpolated,ObservationLag,AdjustInflationObservationDates,InflationCalendar,InflationConvention) VALUES ('ZACPI_INFLATIONSWAP','ZAR','MF','30/360','ZACPI','false','3M','false','ZAR','MF')
INSERT ConventionsOIS (Id,SpotLag,IndexName,FixedDayCounter,PaymentLag,EOM,FixedFrequency,FixedConvention,FixedPaymentConvention,RuleName) VALUES ('CHF-OIS-CONVENTIONS',1,'CHF-TOIS','30/360',2,'false','Annual','Following','Following','Backward')
INSERT ConventionsOIS (Id,SpotLag,IndexName,FixedDayCounter,PaymentLag,EOM,FixedFrequency,FixedConvention,FixedPaymentConvention,RuleName) VALUES ('EUR-OIS-CONVENTIONS',2,'EUR-EONIA','A360',1,'false','Annual','Following','Following','Backward')
INSERT ConventionsOIS (Id,SpotLag,IndexName,FixedDayCounter,PaymentLag,EOM,FixedFrequency,FixedConvention,FixedPaymentConvention,RuleName) VALUES ('GBP-OIS-CONVENTIONS',0,'GBP-SONIA','A365',0,'false','Annual','Following','Following','Backward')
INSERT ConventionsOIS (Id,SpotLag,IndexName,FixedDayCounter,PaymentLag,EOM,FixedFrequency,FixedConvention,FixedPaymentConvention,RuleName) VALUES ('JPY-OIS-CONVENTIONS',2,'JPY-TONAR','A360',1,'false','Annual','Following','Following','Backward')
INSERT ConventionsOIS (Id,SpotLag,IndexName,FixedDayCounter,PaymentLag,EOM,FixedFrequency,FixedConvention,FixedPaymentConvention,RuleName) VALUES ('USD-OIS-CONVENTIONS',2,'USD-FedFunds','A360',2,'false','Annual','Following','Following','Backward')
INSERT ConventionsSwap (Id,FixedCalendar,FixedFrequency,FixedConvention,FixedDayCounter,IndexName,FloatFrequency,SubPeriodsCouponType) VALUES ('CAD-3M-SWAP-CONVENTIONS-1Y','CA','Annual','MF','ACT/365','CAD-CDOR-3M','Annual','Compounding')
INSERT ConventionsSwap (Id,FixedCalendar,FixedFrequency,FixedConvention,FixedDayCounter,IndexName,FloatFrequency,SubPeriodsCouponType) VALUES ('CAD-3M-SWAP-CONVENTIONS','CA','Semiannual','MF','ACT/365','CAD-CDOR-3M','Semiannual','Compounding')
INSERT ConventionsSwap (Id,FixedCalendar,FixedFrequency,FixedConvention,FixedDayCounter,IndexName) VALUES ('AUD-3M-SWAP-CONVENTIONS','AU','Quarterly','MF','A365','AUD-BBSW-3M')
INSERT ConventionsSwap (Id,FixedCalendar,FixedFrequency,FixedConvention,FixedDayCounter,IndexName) VALUES ('AUD-6M-SWAP-CONVENTIONS','AU','Semiannual','MF','A365','AUD-BBSW-6M')
INSERT ConventionsSwap (Id,FixedCalendar,FixedFrequency,FixedConvention,FixedDayCounter,IndexName) VALUES ('CHF-3M-SWAP-CONVENTIONS','ZUB,UK','Annual','MF','30/360','CHF-LIBOR-3M')
INSERT ConventionsSwap (Id,FixedCalendar,FixedFrequency,FixedConvention,FixedDayCounter,IndexName) VALUES ('CHF-6M-SWAP-CONVENTIONS','ZUB,UK','Annual','MF','30/360','CHF-LIBOR-6M')
INSERT ConventionsSwap (Id,FixedCalendar,FixedFrequency,FixedConvention,FixedDayCounter,IndexName) VALUES ('CZK-3M-SWAP','CZK','Annual','MF','ACT/360','CZK-PRIBOR-3M')
INSERT ConventionsSwap (Id,FixedCalendar,FixedFrequency,FixedConvention,FixedDayCounter,IndexName) VALUES ('CZK-6M-SWAP','CZK','Annual','MF','ACT/360','CZK-PRIBOR-6M')
INSERT ConventionsSwap (Id,FixedCalendar,FixedFrequency,FixedConvention,FixedDayCounter,IndexName) VALUES ('DKK-6M-SWAP-CONVENTIONS','DEN','Annual','MF','30/360','DKK-CIBOR-6M')
INSERT ConventionsSwap (Id,FixedCalendar,FixedFrequency,FixedConvention,FixedDayCounter,IndexName) VALUES ('EUR-12M-SWAP-CONVENTIONS','TARGET','Annual','MF','30/360','EUR-EURIBOR-12M')
INSERT ConventionsSwap (Id,FixedCalendar,FixedFrequency,FixedConvention,FixedDayCounter,IndexName) VALUES ('EUR-1M-SWAP-CONVENTIONS','TARGET','Annual','MF','30/360','EUR-EURIBOR-1M')
INSERT ConventionsSwap (Id,FixedCalendar,FixedFrequency,FixedConvention,FixedDayCounter,IndexName) VALUES ('EUR-3M-SWAP-CONVENTIONS','TARGET','Annual','MF','30/360','EUR-EURIBOR-3M')
INSERT ConventionsSwap (Id,FixedCalendar,FixedFrequency,FixedConvention,FixedDayCounter,IndexName) VALUES ('EUR-6M-SWAP-CONVENTIONS','TARGET','Annual','MF','30/360','EUR-EURIBOR-6M')
INSERT ConventionsSwap (Id,FixedCalendar,FixedFrequency,FixedConvention,FixedDayCounter,IndexName) VALUES ('GBP-3M-SWAP-CONVENTIONS','UK','Semiannual','MF','A365','GBP-LIBOR-3M')
INSERT ConventionsSwap (Id,FixedCalendar,FixedFrequency,FixedConvention,FixedDayCounter,IndexName) VALUES ('GBP-6M-SWAP-CONVENTIONS','UK','Semiannual','MF','A365','GBP-LIBOR-6M')
INSERT ConventionsSwap (Id,FixedCalendar,FixedFrequency,FixedConvention,FixedDayCounter,IndexName) VALUES ('HUF-6M-SWAP','HUF','Annual','MF','A365','HUF-BUBOR-6M')
INSERT ConventionsSwap (Id,FixedCalendar,FixedFrequency,FixedConvention,FixedDayCounter,IndexName) VALUES ('JPY-LIBOR-6M-SWAP-CONVENTIONS','JP,UK','Semiannual','MF','A365','JPY-LIBOR-6M')
INSERT ConventionsSwap (Id,FixedCalendar,FixedFrequency,FixedConvention,FixedDayCounter,IndexName) VALUES ('JPY-TIBOR-3M-SWAP-CONVENTIONS','JP','Semiannual','MF','A365','JPY-TIBOR-3M')
INSERT ConventionsSwap (Id,FixedCalendar,FixedFrequency,FixedConvention,FixedDayCounter,IndexName) VALUES ('NOK-6M-SWAP-CONVENTIONS','NOK','Annual','MF','30/360','NOK-NIBOR-6M')
INSERT ConventionsSwap (Id,FixedCalendar,FixedFrequency,FixedConvention,FixedDayCounter,IndexName) VALUES ('NZD-3M-SWAP','NZD','Semiannual','MF','A365','NZD-BKBM-3M')
INSERT ConventionsSwap (Id,FixedCalendar,FixedFrequency,FixedConvention,FixedDayCounter,IndexName) VALUES ('NZD-6M-SWAP','NZD','Semiannual','MF','A365','NZD-BKBM-6M')
INSERT ConventionsSwap (Id,FixedCalendar,FixedFrequency,FixedConvention,FixedDayCounter,IndexName) VALUES ('PLN-3M-SWAP','PLN','Annual','MF','ACT/ACT','PLN-WIBOR-3M')
INSERT ConventionsSwap (Id,FixedCalendar,FixedFrequency,FixedConvention,FixedDayCounter,IndexName) VALUES ('PLN-6M-SWAP','PLN','Annual','MF','ACT/ACT','PLN-WIBOR-6M')
INSERT ConventionsSwap (Id,FixedCalendar,FixedFrequency,FixedConvention,FixedDayCounter,IndexName) VALUES ('SEK-3M-SWAP-CONVENTIONS','SS','Annual','MF','30/360','SEK-STIBOR-3M')
INSERT ConventionsSwap (Id,FixedCalendar,FixedFrequency,FixedConvention,FixedDayCounter,IndexName) VALUES ('SEK-6M-SWAP-CONVENTIONS','SS','Annual','MF','30/360','SEK-STIBOR-6M')
INSERT ConventionsSwap (Id,FixedCalendar,FixedFrequency,FixedConvention,FixedDayCounter,IndexName) VALUES ('SGD-6M-SWAP-CONVENTIONS','SGD','Annual','MF','30/360','SGD-SIBOR-6M')
INSERT ConventionsSwap (Id,FixedCalendar,FixedFrequency,FixedConvention,FixedDayCounter,IndexName) VALUES ('USD-3M-SWAP-CONVENTIONS','US,UK','Semiannual','MF','30/360','USD-LIBOR-3M')
INSERT ConventionsSwap (Id,FixedCalendar,FixedFrequency,FixedConvention,FixedDayCounter,IndexName) VALUES ('USD-6M-SWAP-CONVENTIONS','US,UK','Semiannual','MF','30/360','USD-LIBOR-6M')
INSERT ConventionsSwapIndex (Id,Conventions) VALUES ('CHF-CMS-1Y','CHF-3M-SWAP-CONVENTIONS')
INSERT ConventionsSwapIndex (Id,Conventions) VALUES ('CHF-CMS-30Y','CHF-6M-SWAP-CONVENTIONS')
INSERT ConventionsSwapIndex (Id,Conventions) VALUES ('EUR-CMS-1Y','EUR-3M-SWAP-CONVENTIONS')
INSERT ConventionsSwapIndex (Id,Conventions) VALUES ('EUR-CMS-30Y','EUR-6M-SWAP-CONVENTIONS')
INSERT ConventionsSwapIndex (Id,Conventions) VALUES ('GBP-CMS-1Y','GBP-3M-SWAP-CONVENTIONS')
INSERT ConventionsSwapIndex (Id,Conventions) VALUES ('GBP-CMS-30Y','GBP-6M-SWAP-CONVENTIONS')
INSERT ConventionsSwapIndex (Id,Conventions) VALUES ('JPY-CMS-1Y','JPY-LIBOR-6M-SWAP-CONVENTIONS')
INSERT ConventionsSwapIndex (Id,Conventions) VALUES ('JPY-CMS-30Y','JPY-LIBOR-6M-SWAP-CONVENTIONS')
INSERT ConventionsSwapIndex (Id,Conventions) VALUES ('USD-CMS-1Y','USD-3M-SWAP-CONVENTIONS')
INSERT ConventionsSwapIndex (Id,Conventions) VALUES ('USD-CMS-30Y','USD-3M-SWAP-CONVENTIONS')
INSERT ConventionsTenorBasisSwap (Id,LongIndex,ShortIndex) VALUES ('GBP-LIBOR-3M-6M-BASIS-CONVENTIONS','GBP-LIBOR-6M','GBP-LIBOR-3M')
INSERT ConventionsTenorBasisSwap (Id,LongIndex,ShortIndex,ShortPayTenor,SpreadOnShort,IncludeSpread,SubPeriodsCouponType) VALUES ('USD-LIBOR-3M-6M-BASIS-CONVENTIONS','USD-LIBOR-6M','USD-LIBOR-3M','6M','true','false','Compounding')
INSERT ConventionsTenorBasisTwoSwap (Id,Calendar,LongFixedFrequency,LongFixedConvention,LongFixedDayCounter,LongIndex,ShortFixedFrequency,ShortFixedConvention,ShortFixedDayCounter,ShortIndex,LongMinusShort) VALUES ('EUR-EURIBOR-6M-12M-BASIS-CONVENTIONS','TARGET','Annual','MF','30/360','EUR-EURIBOR-12M','Annual','MF','30/360','EUR-EURIBOR-6M','true')
INSERT ConventionsTenorBasisTwoSwap (Id,Calendar,LongFixedFrequency,LongFixedConvention,LongFixedDayCounter,LongIndex,ShortFixedFrequency,ShortFixedConvention,ShortFixedDayCounter,ShortIndex,LongMinusShort) VALUES ('EURIBOR-3M-6M-BASIS-CONVENTIONS','TARGET','Annual','MF','30/360','EUR-EURIBOR-6M','Annual','MF','30/360','EUR-EURIBOR-3M','true')
INSERT ConventionsZero (Id,TenorBased,DayCounter,CompoundingFrequency) VALUES ('CHF-ZERO-CONVENTIONS','false','A365','Daily')
INSERT ConventionsZero (Id,TenorBased,DayCounter,Compounding,CompoundingFrequency,TenorCalendar,SpotLag,SpotCalendar,RollConvention,EOM) VALUES ('EUR-ZERO-CONVENTIONS-TENOR-BASED','true','A365','Continuous','Daily','TARGET',2,'TARGET','Following','false')
INSERT ConventionsZero (Id,TenorBased,DayCounter,CompoundingFrequency) VALUES ('EUR-ZERO-CONVENTIONS','false','A365','Daily')
